subject,session,vol_Left_Thalamus_normalized,vol_Left_Caudate_normalized,vol_Left_Putamen_normalized,vol_Left_Pallidum_normalized,vol_Left_Hippocampus_normalized,vol_Left_Amygdala_normalized,vol_Left_Accumbens_area_normalized,vol_Left_VentralDC_normalized,vol_Right_Thalamus_normalized,vol_Right_Caudate_normalized,vol_Right_Putamen_normalized,vol_Right_Pallidum_normalized,vol_Right_Hippocampus_normalized,vol_Right_Amygdala_normalized,vol_Right_Accumbens_area_normalized,vol_Right_VentralDC_normalized,vol_ctx_lh_bankssts_normalized,vol_ctx_lh_caudalanteriorcingulate_normalized,vol_ctx_lh_caudalmiddlefrontal_normalized,vol_ctx_lh_cuneus_normalized,vol_ctx_lh_entorhinal_normalized,vol_ctx_lh_fusiform_normalized,vol_ctx_lh_inferiorparietal_normalized,vol_ctx_lh_inferiortemporal_normalized,vol_ctx_lh_insula_normalized,vol_ctx_lh_isthmuscingulate_normalized,vol_ctx_lh_lateraloccipital_normalized,vol_ctx_lh_lateralorbitofrontal_normalized,vol_ctx_lh_lingual_normalized,vol_ctx_lh_medialorbitofrontal_normalized,vol_ctx_lh_middletemporal_normalized,vol_ctx_lh_paracentral_normalized,vol_ctx_lh_parahippocampal_normalized,vol_ctx_lh_parsopercularis_normalized,vol_ctx_lh_parsorbitalis_normalized,vol_ctx_lh_parstriangularis_normalized,vol_ctx_lh_pericalcarine_normalized,vol_ctx_lh_postcentral_normalized,vol_ctx_lh_posteriorcingulate_normalized,vol_ctx_lh_precentral_normalized,vol_ctx_lh_precuneus_normalized,vol_ctx_lh_rostralanteriorcingulate_normalized,vol_ctx_lh_rostralmiddlefrontal_normalized,vol_ctx_lh_superiorfrontal_normalized,vol_ctx_lh_superiorparietal_normalized,vol_ctx_lh_superiortemporal_normalized,vol_ctx_lh_supramarginal_normalized,vol_ctx_lh_transversetemporal_normalized,vol_ctx_rh_bankssts_normalized,vol_ctx_rh_caudalanteriorcingulate_normalized,vol_ctx_rh_caudalmiddlefrontal_normalized,vol_ctx_rh_cuneus_normalized,vol_ctx_rh_entorhinal_normalized,vol_ctx_rh_fusiform_normalized,vol_ctx_rh_inferiorparietal_normalized,vol_ctx_rh_inferiortemporal_normalized,vol_ctx_rh_insula_normalized,vol_ctx_rh_isthmuscingulate_normalized,vol_ctx_rh_lateraloccipital_normalized,vol_ctx_rh_lateralorbitofrontal_normalized,vol_ctx_rh_lingual_normalized,vol_ctx_rh_medialorbitofrontal_normalized,vol_ctx_rh_middletemporal_normalized,vol_ctx_rh_paracentral_normalized,vol_ctx_rh_parahippocampal_normalized,vol_ctx_rh_parsopercularis_normalized,vol_ctx_rh_parsorbitalis_normalized,vol_ctx_rh_parstriangularis_normalized,vol_ctx_rh_pericalcarine_normalized,vol_ctx_rh_postcentral_normalized,vol_ctx_rh_posteriorcingulate_normalized,vol_ctx_rh_precentral_normalized,vol_ctx_rh_precuneus_normalized,vol_ctx_rh_rostralanteriorcingulate_normalized,vol_ctx_rh_rostralmiddlefrontal_normalized,vol_ctx_rh_superiorfrontal_normalized,vol_ctx_rh_superiorparietal_normalized,vol_ctx_rh_superiortemporal_normalized,vol_ctx_rh_supramarginal_normalized,vol_ctx_rh_transversetemporal_normalized
sub-138950,ses-1,0.0086560045268339,0.0013924901748688,0.0013764538196879,0.0437410678456187,0.2253228175570598,0.2871089849788988,0.0042761704725646,0.0001721999092036,0.001967698962486,0.0044372976603339,0.005926196875278,0.0026563076903104,0.0030644711114606,0.0078528504048606,0.0018163081332193,0.0037960343620909,0.0049397701226666,0.0021064897983962,0.0025247713960296,0.0036751889712639,0.0017922536004481,0.0023735714757532,0.0038981706718736,0.0017710627025305,0.0024188169064419,0.0019440262476952,0.0006278996689256,0.0009159813352098,0.0034522072706543,0.0089444680110986,0.0059277241471999,0.0003235907384703,0.0026179349832706,0.0009623722198401,0.0046805157139098,0.0046312611944259,0.0082592956450986,0.0069834508632713,0.0079710230698242,0.0060808331573788,0.0025033895891218,0.0015318537377498,0.0035039436070115,0.0062854875949247,0.0019770535030081,0.0013098265820914,0.0089683316348796,0.0095007768086813,0.0029279711834333,0.001204063001494,0.0018544899312689,0.0008798995360529,0.000331799825051,0.0006485178398724,0.0012619084255391,0.0029140348271452,0.0011607266607077,0.0031459892502965,0.0089026589422343,0.006940878158446,0.0019770535030081,0.0011565266629223,0.002441153258301,0.001464271955202,0.0022091988351497,0.0008777995371602,0.0025694440997476,0.0007015905391613,0.0034344527345612,0.0059458605012735,0.0071304507857623,0.0086695590651415,0.0023689896599872,0.0023332896788108,0.0010016994718311,0.0013376992946676,0.0014384992415185,0.0022951078807612,0.0045650157748098,0.0048861246964069
sub-19861,ses-1,0.0112827431432768,0.0017144048067513,0.0013846327949389,0.0347564679778916,0.2475488568671693,0.2723063370334823,0.0052739625367387,0.0003540099133017,0.0020061130718587,0.0063924904836366,0.0045186617332864,0.0037826488373573,0.0043402912610587,0.0070438414138002,0.002071487130101,0.0015589067204361,0.003164923728274,0.001941763150299,0.0026786294934637,0.0023777039982125,0.0012037019810046,0.0024533194232813,0.0051939091860451,0.0012176985156674,0.0015438860490906,0.0042942051103396,0.0006573250608123,0.001008091874619,0.0027238621969472,0.0070851482600003,0.0039017900714386,0.0005854648035799,0.0029802377465032,0.0006858301984793,0.0024709004363334,0.0030879427876283,0.0085711705865213,0.0071978032950915,0.0089854338746521,0.0062142907008559,0.0020083320346711,0.0016928979364157,0.0028214965606929,0.0124074159102706,0.0008981678706815,0.0013223311467446,0.0186435548603564,0.0077011664746125,0.0021271318898581,0.0019371545352271,0.0019972372206091,0.0005863182508155,0.0003676650690703,0.0012069450804997,0.0026026726895007,0.0026093295779379,0.0010343780494736,0.0039174935005725,0.0061149494426392,0.0060405288437001,0.0011956795769905,0.000865736875731,0.0040376588713365,0.0012764156854726,0.0016843634640603,0.0013102121959999,0.0012006295709567,0.0008667610124137,0.0036474627952479,0.008811159949155,0.0070723465514672,0.0094570488170111,0.0015544687948113,0.003291575298028,0.0010495694102662,0.0016160876852172,0.0019081373292188,0.0008993626968113,0.0069472311867371,0.0030601204077497
sub-20124,ses-1,0.0082929813174446,0.0008431197672735,0.0017902753587321,0.04623635930649,0.2426203206059106,0.278898004734844,0.0040232166121116,0.0002708293448264,0.0012932568162609,0.0049920385511563,0.0043568036533944,0.0034718454218167,0.0031128564557777,0.0092722628725654,0.0045164995774128,0.001127770747629,0.0037155918321605,0.0018113813697427,0.0024555816527127,0.0013076387883655,0.0013042767689125,0.0023074660179214,0.0035652348510672,0.0010467087230396,0.001027096942897,0.0024320475165416,0.0011688620964992,0.0011946375789724,0.003904425258105,0.0048670834948192,0.004286574802598,0.0006415853789509,0.0035515999943966,0.0007250755287009,0.0029344826459093,0.0029081468268606,0.0076495281499087,0.0069489206516714,0.0116830175992379,0.0042424949919918,0.0017430203075313,0.0012392777261541,0.0025792292570403,0.0131060857221571,0.0008677745765956,0.001037556558973,0.0181270749963811,0.0083979510359222,0.0029073997114266,0.0022559150529751,0.002056808789813,0.0003856983428045,0.0004219334413537,0.0007007942770957,0.001499834233763,0.0024626792493357,0.0011765200296978,0.0028741530746134,0.006412678548915,0.0044980084704212,0.0012334875815406,0.0004732976274415,0.0028091540318551,0.0011656868559047,0.0021858729810372,0.0013440606657732,0.0016763402550465,0.0006273901857048,0.0042959137455231,0.0098916215673547,0.0084707947907376,0.007519903622109,0.0017874736758546,0.0027958927329015,0.0007721438010431,0.0013926231689835,0.0013507847046792,0.0009310926096275,0.0075572593938092,0.003902183911803
sub-20125,ses-1,0.0088718064253638,0.0014869918513702,0.0016640429827863,0.0405028822498279,0.2085412792930503,0.2236607329584127,0.0019820220617592,0.0001606531071641,0.0011818460087684,0.0049583822897535,0.0064760313168991,0.0017823939404309,0.0024425926559665,0.0106672712546912,0.0020316914395659,0.0019953306031811,0.0074199871477514,0.0015224020776534,0.0036988239051823,0.0013919308412138,0.0011763800006844,0.0026396065995155,0.0028363828905391,0.0014026252048564,0.0014646525139834,0.0018605816212845,0.0009743753541022,0.000793046477229,0.0026845229268144,0.0077132503640836,0.0052661423101346,0.0008648175398971,0.0053628668879686,0.0006668529862465,0.0050608105281969,0.0028534938723672,0.0073627128891322,0.0119315826897702,0.0086517401868519,0.0059379859994144,0.0021158204335542,0.0016188890029621,0.0050712672393141,0.0086795455323226,0.0007925711721783,0.0011944415926141,0.0151030556411104,0.0117723554977584,0.0018902881869583,0.0013467768613896,0.0016305339767062,0.0005546809942621,0.0006114799478305,0.0013581841826083,0.0017096722676613,0.0028380464582168,0.0027156554076406,0.0034143538322895,0.0100538900866576,0.0053172376030936,0.0021892550639,0.0010278471723151,0.0028309168824551,0.0014677419968135,0.0015960743605245,0.0007854415964165,0.0019109639566673,0.0004859994144241,0.0069033305575518,0.010492596648529,0.0143216541376255,0.0143371015517759,0.001429717592751,0.0018548779606751,0.0007514572852856,0.0008294073136138,0.0026384183368886,0.0010675351440554,0.0117340934411705,0.005200074908076
sub-20139,ses-1,0.0112246719991276,0.0010935619227407,0.0019329162860925,0.0455110971168565,0.2365009557157071,0.2877806506521922,0.0025599495629092,0.0001868642215678,0.0016969437860063,0.0048413179723119,0.0052686683225063,0.0025030778433016,0.0030559070669159,0.0128028170819535,0.003462494725825,0.0038360426238192,0.0042005632647327,0.0013320620548095,0.0035852654221208,0.0024425952208617,0.0013141880857899,0.0018791138338923,0.0052240736725283,0.0011522390937644,0.0020598395206454,0.0023700160739339,0.0004936104171657,0.0007815799180361,0.0029995769827332,0.0069179481911272,0.0039972694352782,0.0005243030912397,0.003147443453713,0.0007985511613475,0.0026278345361551,0.0023172968925834,0.0073077451518664,0.0064530444514776,0.0062161692256834,0.0050567083262544,0.0013246597040034,0.001680333632978,0.0031490683599875,0.0071454350695577,0.0011522390937644,0.000956347615116,0.013073995884654,0.0108007520066238,0.0021631113416471,0.0009619445145059,0.0015586462075319,0.0006745166490605,0.0006671142982544,0.0012623716301475,0.0018904881778138,0.0037219380943207,0.0009489452643099,0.0027874364413397,0.0070694255649392,0.0045984847568445,0.0010536614464446,0.0011818484969887,0.0041404417325761,0.0015828392565078,0.0019110703239575,0.0012975779327617,0.0012257209664003,0.0005647452029607,0.005159619056973,0.0060009594168825,0.0099420793131196,0.0077692185338254,0.001406627198295,0.002321629975982,0.0013268262457028,0.0016267117259194,0.0020914349204274,0.0011089082597777,0.0063194410466851,0.0045883742289142
sub-20141,ses-1,0.0079287759136987,0.0023788374453016,0.0012983596162154,0.0452946651151349,0.2466689763500576,0.2688106780310035,0.0031180725778932,0.0002318366411299,0.0012721244906943,0.0051565976503002,0.0055428680090367,0.002763247156838,0.0038844731596059,0.0077002884375289,0.0025807176665102,0.0013608773621381,0.0036195169983146,0.0017434264264744,0.0028261370322007,0.0017611025748752,0.0015910394207879,0.0020057776816856,0.0039652252480893,0.0010644762631654,0.0010745237580459,0.0030810456986116,0.0006737403511487,0.0010040052291628,0.0022082160970543,0.0059455120631339,0.0035320665799108,0.0006125250582661,0.0029952698626879,0.0008689222424371,0.0031091414713328,0.0024322380199439,0.0074613813370387,0.0062899178598687,0.0111149481791148,0.0053586639362289,0.00210811327769,0.0014799587829432,0.0025336432923482,0.0118411587813058,0.0008964598209982,0.0011150858670076,0.0212361246886672,0.0095804724332092,0.0019734024204043,0.0019888457921649,0.0019306075348024,0.0006264799122667,0.0006168045468263,0.0010856876412463,0.0023940947523422,0.0023122262755387,0.0016204376465492,0.0023859079046619,0.0059916561136959,0.0056569256824016,0.001264867966614,0.0005328893581027,0.0056284577802404,0.0013560396794179,0.0014446064861417,0.0011684864416499,0.0011990010557312,0.0005291680637026,0.0046696662780394,0.0081567051957084,0.0070434799759008,0.009037907709666,0.0011742544479701,0.0026320715292324,0.0009308817941997,0.0018652988180796,0.0021425352508915,0.0016920725637522,0.0071616310731059,0.0039605736300891
sub-20149,ses-1,0.0171322033567502,0.0018225175475361,0.0018342952643315,0.0339056911105326,0.2608621255043597,0.3089634986683608,0.0021637348284079,0.0002114941430255,0.0016498898699353,0.0047585340915266,0.0059341184808024,0.0035072358085663,0.0040705471775795,0.0086658757649416,0.0038508086327972,0.0014890399091298,0.0047302675712177,0.0020099514976797,0.0029725274660562,0.0020619417046764,0.0014993033480515,0.002413590677567,0.004376094801871,0.0012425491219123,0.0016689024699049,0.002448755574856,0.0003709980790543,0.0005791271601384,0.0019922849224866,0.0052005349775474,0.004132969076595,0.0005089656186573,0.0027529571743709,0.0008824874941679,0.0032938908814729,0.0033835697822148,0.00707218242943,0.0061430888273718,0.0081993099267476,0.0053189851578895,0.0012911742669675,0.0011797907167026,0.0026784210523659,0.0089058046813732,0.0008525384428882,0.0011856795751003,0.0094625541796004,0.0094230147017873,0.0017308196096292,0.0015666045868822,0.0014513512153846,0.0004563023992723,0.0002574272385275,0.0010270169045569,0.0019648596676631,0.0028453281246661,0.0012295936334374,0.0026945733496852,0.0058472998827107,0.0049712060062317,0.0010477120354973,0.0016939721813694,0.0032610815275429,0.0012735076917744,0.0024060192881985,0.0010788388584565,0.0008708780304696,0.0003598933746473,0.0030892951154275,0.0060810034345504,0.0080527614791937,0.0097246925048461,0.0013327327819455,0.0026032119179725,0.0010007694214129,0.0012800695625604,0.0011099656814157,0.0009115952799622,0.0057236338563593,0.0030975395171842
sub-20188,ses-1,0.0170797527779517,0.00059002750613,0.0015852083958664,0.0303692372250673,0.2414724630866548,0.3017855526454353,0.0026550365728104,0.0002644048771188,0.0010274466564032,0.0075878618627532,0.0041854803701179,0.0028358992756945,0.0052061250540887,0.0103245221047535,0.0023721442834392,0.0015853828054159,0.0053672794778736,0.0019096101580307,0.0031332675576785,0.0019580960128058,0.001434344135505,0.0022784863553305,0.003927703055882,0.0012084837688368,0.0018855416401927,0.0026198058438012,0.0003816080944169,0.0003690506068493,0.0027804370389374,0.0060202688313914,0.0042407681973255,0.0004459652182011,0.0024759179654219,0.0007166488391038,0.0041919335234513,0.0036184749245286,0.0071190489935609,0.0058401037667056,0.0062470012458074,0.006808076766712,0.0017529903825342,0.0013910905672164,0.0026581759447024,0.0064224572526554,0.001190170766134,0.0010846529886558,0.0103944603341233,0.0101994704577256,0.0013438255792882,0.0014517850904601,0.0011845896605484,0.0004002699162188,0.000289171033155,0.0013762657555046,0.0019280975702831,0.0031027458865071,0.0011150002502777,0.0034491232519148,0.0075761764229333,0.0077085532710423,0.0019486778971301,0.0017477580960476,0.0022284308146094,0.001802348285057,0.0032175073701115,0.0011430801877553,0.0020658811144281,0.0005164266762196,0.0034172063043471,0.0072484608793276,0.0098598950647504,0.0079994683996929,0.0010443643827096,0.0027605543502886,0.0007452520052301,0.0019748393295627,0.0012512141084768,0.0011662766578456,0.0084588631532095,0.0033101188409229
sub-20212,ses-1,0.0126924565340817,0.0014344690355547,0.0013276789253232,0.0407847834470642,0.2521448408659975,0.2767166091763168,0.0032375145957642,0.0002271382125143,0.0016363324727635,0.0050459163997471,0.0064532694511992,0.0022655237335161,0.0028344572518184,0.0100138324995447,0.0024970138940963,0.0020710251314957,0.0038812681442757,0.0010794505029512,0.0046338203944337,0.0019761191871364,0.0021754718850764,0.0014810014033358,0.0032627893710698,0.001250850303699,0.0018587839719761,0.0039080493631426,0.0006343801219081,0.0008695527000824,0.0027395513074591,0.0063843078126171,0.0046371680467921,0.0005947104414616,0.0029481100493845,0.0006176418601163,0.00288416988934,0.0025915850732198,0.0098303811503069,0.0065247418290501,0.0077660513235278,0.0062403587612079,0.0024235329248304,0.0019192090970444,0.0023316398675936,0.011483786650098,0.0009190979549861,0.0010618753280699,0.0145716611854438,0.00792824508029,0.002275901455827,0.0020049089974182,0.0017568479576642,0.0007133847175652,0.0003145119390673,0.0009878922109503,0.0020798964102454,0.0030759903694736,0.0009182610418965,0.0024213569507975,0.0076595959785321,0.0075588316425457,0.0010943475559459,0.0009713213317764,0.0041631404728492,0.0010469782750752,0.0016095512538966,0.001261060643392,0.0011867427610365,0.0007045134388156,0.0025226234346377,0.0071576155073969,0.008168439137002,0.0085877325948858,0.0016631136916303,0.0034582922687977,0.0012635713826607,0.0018109125432516,0.0014567309237378,0.0008345697329376,0.006164869200527,0.0041097454177334
sub-20214,ses-1,0.0068426474812945,0.0010391744694974,0.0011832812937208,0.0419763392274642,0.2432530659566854,0.2831450829052906,0.0023163491992084,0.0001650135137481,0.0011002145362345,0.0034370970912261,0.0044133648252788,0.0020079755287199,0.0032519235554364,0.0122699867485188,0.0028369631017463,0.0031244300827102,0.004338324743235,0.0018541620272171,0.0025799228207156,0.001794615295446,0.0018369886751076,0.0030098166240661,0.0046689117713435,0.0011616279367132,0.0016587218135358,0.0018168286530659,0.0005756806294108,0.0011911213022926,0.0030178432995086,0.0047646718760412,0.0054510459598102,0.0004702138474338,0.0025030160699642,0.0008064008816649,0.0035382705351757,0.0026753095916718,0.0073580347114512,0.0060819799829647,0.0100230776252315,0.0052878991147696,0.0024744560387386,0.0011605079354886,0.0040361110794814,0.00700206098892,0.0009766410677942,0.0009170943360231,0.0124732669707718,0.0108158518253313,0.0021991224043738,0.0010438411412663,0.0019975221839575,0.0006059206624732,0.0005807206349212,0.0012236013378041,0.0015765883904033,0.0038990975963467,0.0020412022317144,0.0030945633833892,0.0078385152367766,0.0052860324460621,0.0018866420627286,0.0004982138780471,0.003795684149948,0.0016839218410878,0.001865735373204,0.0009863477450735,0.0016303484491809,0.0006020006581873,0.0047553385325034,0.0059761398672462,0.009418090297112,0.0079206486599092,0.0017703486022478,0.0025575227962249,0.000890400973505,0.001221361335355,0.0018508020235435,0.0016801885036727,0.0074321414591413,0.0039586443281177
sub-20236,ses-1,0.0132612442875622,0.0011767263308667,0.0012345738017539,0.0341075939885435,0.2552021109877068,0.2965933772721407,0.0030968997875794,0.0002060095117063,0.0013056058813902,0.0049694438451856,0.0049369767461407,0.0031305205398899,0.0045613802043976,0.0115978410862403,0.0031959491608078,0.0010438913977185,0.0046899301397024,0.0021382139239027,0.0060968927008522,0.0017949196735952,0.0014544271526469,0.0025884683126881,0.0041899038528887,0.0014196527470709,0.0011101440566832,0.0033549885038452,0.000652308517867,0.0007160890626913,0.0019119330762444,0.007313337665576,0.003423548469341,0.0006567583233198,0.0025850073528914,0.0009229226124445,0.0027372895839448,0.0023419161290779,0.0080076721238311,0.0059081879881292,0.0096287197695462,0.0066010391779,0.0021917763969463,0.0017512456571134,0.0020366924365338,0.0127440780093745,0.0008593068752295,0.0013201089510143,0.0131630189523806,0.0060916188573525,0.0019363246024304,0.0018217833139217,0.0013748250773236,0.0004650870736282,0.0004021305668508,0.000631542759087,0.0011342059676505,0.0023508157399836,0.0006770296592718,0.002238581758006,0.0080795282415143,0.0076943728584281,0.0008347505414341,0.001039606399875,0.0027265770893361,0.0013713641175269,0.0015679795954994,0.0011925478613658,0.0021459598815428,0.0006496715961171,0.003969720886777,0.0080742543980146,0.0106620634802653,0.0082326345106145,0.0016067093837002,0.0030624549972221,0.001157443840571,0.0011605751851489,0.0013001672302812,0.0005908352795738,0.0056751500284869,0.0035123797707888
sub-20238,ses-1,0.0099991462924094,0.0011834617612064,0.0015839736781183,0.0356740175248478,0.2286280842109473,0.2719829704563336,0.0035546153662751,0.0001530520815467,0.0013567028736105,0.0055002611114657,0.0061240060267141,0.0026578378432423,0.0037268950962574,0.0130465362929555,0.0023394279851501,0.001824127007078,0.0046817401175655,0.0011255865394155,0.0022156019292253,0.002178108014776,0.0016468480885025,0.0027143671296428,0.0037501605508644,0.001586473272415,0.0012686402437758,0.0029277940272771,0.0006423957342308,0.0008717815800666,0.0030370070703908,0.0079265980675444,0.0045873323637471,0.0005476034274436,0.002699369563863,0.0009096600474846,0.0029081818258728,0.0025788122081723,0.0075018593136037,0.0064028069290292,0.0076674093666335,0.0054098911638187,0.0029556741175086,0.0012845991919773,0.0031558339377224,0.0064776024814433,0.0008285193710866,0.0009486921738087,0.0101345089373955,0.0088695219468224,0.0023636548221788,0.0013515114085329,0.0023676926283503,0.001010605201771,0.0007346884467213,0.0013638171035316,0.0026711049206628,0.0031531420669414,0.0019898693365922,0.0043719827012692,0.0062666751781057,0.005552944868179,0.0019296867969891,0.0006358583337627,0.0026899480161296,0.0012747930912751,0.002043322199243,0.0013361292897845,0.0018422009966074,0.0008977389054545,0.0033263831793455,0.007824114701383,0.0117988541859744,0.0102915988251137,0.0022752076393754,0.0018297030251243,0.000989454788492,0.0013916971937631,0.0020919681497849,0.0016704980960782,0.0095048034511321,0.0050953268354136
sub-20252,ses-1,0.0121812850160925,0.0013963046847061,0.0014138514721659,0.0394453689355107,0.2403516986529979,0.2592747645726547,0.0031006317797115,0.0001504827750625,0.0009461914411729,0.0050223864584575,0.0050445106687328,0.0016526403623793,0.0036314221003695,0.0100022410299201,0.003995899392061,0.0029961139587555,0.0062630587674335,0.001154654905233,0.0025067111693884,0.0017592561687924,0.0017352246990106,0.0016190725950649,0.0038141375610919,0.0013732268446775,0.0017542972940755,0.002201549648349,0.0005897246394087,0.0008367147455,0.0033058529026105,0.0085460483967099,0.0048398617236857,0.0005929669805697,0.0031458338300154,0.0009873882465132,0.0019146978185719,0.002560305161521,0.0097041363690547,0.0053037072356657,0.0085859101203957,0.0047582310168077,0.0019457861485278,0.0014140421981165,0.002945190129932,0.0091527476457265,0.0010518536178328,0.001203099296698,0.0121910120395756,0.0090817975920848,0.0023079747288115,0.0016980331386339,0.002549433782334,0.0005698891405411,0.0005092382882345,0.0014342591488854,0.003375277148647,0.0035345333174395,0.0018763619024913,0.0033712719036833,0.0073263559423053,0.0054808916438192,0.0014836571701037,0.0005359399213255,0.0036958874716891,0.0011434020741447,0.0014661103826439,0.0008601740374299,0.001674001668852,0.0008533079032065,0.004414542853737,0.0101899153653594,0.0104121110978662,0.0087724401001311,0.0015996185480987,0.0024817260698533,0.0009103349624508,0.0013915365359399,0.0022545714626296,0.0016476814876624,0.0092851114554774,0.0044784360472046
sub-20253,ses-1,0.0103458494535741,0.0010420386327573,0.0009528899046042,0.0416928736017153,0.246372935562544,0.3009203005444968,0.0037320974003212,0.000180924306491,0.0016491693817626,0.0062512467277245,0.0054672961256422,0.0024505228663204,0.0027856104430429,0.010620847832315,0.002519970218086,0.0024171947045983,0.0036442620972607,0.002401597781625,0.0045368986257469,0.0016884079564008,0.0014746480225974,0.0019530631125383,0.0048801951092974,0.0011564707939408,0.0015427819492705,0.0021791364065838,0.0004506689848619,0.0006412798014101,0.0023587472879824,0.0049765676754592,0.0040707968960481,0.0004794001587602,0.0025547759830371,0.0013270518778284,0.0023505383811543,0.0027040139091717,0.0060062929479744,0.0071061222848014,0.0095886598877514,0.0056242504241952,0.0012273957489355,0.0018703173317112,0.0023434787212821,0.0065359316165225,0.0010379341793432,0.0012814103558643,0.0140160516964116,0.0086746802015122,0.0014662749376328,0.0008566815165791,0.0017706612028182,0.0005916980041684,0.0004419675436241,0.001081113029259,0.0019492870153974,0.003053384983775,0.0012367539027195,0.0025058508983417,0.0075886418281563,0.0073911355298726,0.0010285760255592,0.0007974132092803,0.0053939084985991,0.0009363079128115,0.001907093234301,0.0009766957344057,0.0017012138510526,0.0008118608852977,0.0029130126770148,0.0045280330063725,0.0087510230350134,0.0074968662498183,0.0015242298198391,0.0024920599348705,0.0008524128850285,0.0017457061260608,0.0014974687835795,0.0015633042163408,0.0059563827944596,0.0039711407671551
sub-20258,ses-1,0.0073676802553192,0.0017143427051938,0.0016990916170989,0.0416922607350101,0.2031852298830622,0.246971103803521,0.0034870810240142,0.0001601364249964,0.0013657750733406,0.0057412319788828,0.0053264425171439,0.00237415293751,0.0030088791433544,0.0135770805042732,0.0038464849553032,0.0023534836996972,0.0050840304853197,0.0016746096072624,0.0037152453288024,0.0018538098923774,0.0020205685003625,0.0032673449521206,0.003122459615219,0.00163929129799,0.0012909243383486,0.0041571255391309,0.0006732552705051,0.0008281742179954,0.0030347658586733,0.01016926500391,0.0066223836607869,0.000746500627803,0.0032755725128033,0.0006598102323162,0.0030433947637797,0.002245722721974,0.0078302297034606,0.0115011264734607,0.0107335552634214,0.0061592321960101,0.0019222391165927,0.0015768822401279,0.0032177789158121,0.0089273046852345,0.0017914008345154,0.0010053677809927,0.0138265160635095,0.0110750993678624,0.0025338880180829,0.0019599654924064,0.0017153460662527,0.0008522548834084,0.0007776048206281,0.0015182859542896,0.0036014641847259,0.0036949774354131,0.0017996283951982,0.0050047649616685,0.0068694111534819,0.0076787221835705,0.0016701948186033,0.0005739225256765,0.0023998389806172,0.0018164848609873,0.0017173527883704,0.0015062456215831,0.0010727936441491,0.0005518485823812,0.0045137200594551,0.0097105283277924,0.0104357577011473,0.0093473116244796,0.0024849239984098,0.0032282138708244,0.0008518535389848,0.0012885162718073,0.0021746847590057,0.002020969844786,0.0066743577636366,0.0062667925015215
sub-20259,ses-1,0.01197175956142,0.0006477122194324,0.0009018111321956,0.0265788082126131,0.2894144808508365,0.3378919390565204,0.0018271585439404,0.0001923161789469,0.0027583900255724,0.0045359985073043,0.0041008870235355,0.0027580803376836,0.0029870945314538,0.0108361340731776,0.0028918655056467,0.0011365545519087,0.0033769915834574,0.0010069501704444,0.0076237416026193,0.0016822246119804,0.0013838403311182,0.0021606924001817,0.0034657171635995,0.0010057114188892,0.0015118962731385,0.0015434844377964,0.0005137722075249,0.0009394382106853,0.0014770563856481,0.003989709071455,0.0021794285174543,0.0003222302483,0.0022204621627208,0.0006785261643683,0.0030852655922045,0.0027345440581346,0.0053593037596883,0.0056352356686122,0.0064475470009437,0.0049396766703596,0.0007928009953368,0.0012666234652061,0.001487430929923,0.0047580447235764,0.0006048204468331,0.0009702521556212,0.0082613889656656,0.0061593824204121,0.0019299749230232,0.0012522229783768,0.0015092639260836,0.000308758825137,0.0001972711851678,0.0004089428571649,0.0011319092335766,0.0020634504030974,0.0007787101963963,0.0022836384920367,0.006830011543616,0.0088888166283815,0.0010696619679271,0.0009375800833524,0.0021687442852906,0.0010599067994298,0.0010221248769958,0.0013127669606378,0.0012432420296015,0.0008442091848782,0.0027910620978412,0.0055338128850291,0.0070322377350047,0.0063369884246409,0.0009275152269663,0.0024247013253867,0.0007204888733012,0.0021205878185817,0.0011593166117357,0.0009604969871239,0.0062355656410578,0.0025083170553636
sub-20302,ses-1,0.0101410632545493,0.0010705010177661,0.0018806548571633,0.0403797641870081,0.2701267499821999,0.2848633984140282,0.003704748665991,0.0002079450306461,0.0014617703874298,0.0052352240915463,0.0059671905994206,0.0032426116298831,0.002892432198275,0.0127175853622668,0.0040266475734312,0.0020538314786854,0.0038747645230472,0.0012102400783603,0.0045554933753703,0.0017683645406144,0.0016964987380231,0.0019274009000526,0.0039982006932388,0.0014469647012478,0.0009094683860338,0.0032010226237539,0.0005238551212036,0.0008086566351765,0.0028122485944579,0.0064699185055107,0.0041979942786836,0.0005874031225691,0.002488187058699,0.000773721870028,0.0018838156216292,0.002177933072975,0.0092182863865541,0.0052889570874653,0.0075001613653437,0.0053623200942772,0.0020574913112248,0.0010124427652097,0.0024968375719739,0.0111701416222107,0.0011566734384659,0.0012962461430355,0.0114125223499318,0.0064218416144253,0.00213834033914,0.001680694915694,0.0017194558694065,0.0007391198169285,0.0005591225984012,0.0011370434275729,0.00165108354333,0.0033835151826489,0.0011648248836672,0.0025703669348103,0.0058161393291593,0.0045885982242492,0.0012781133363632,0.0007371235446343,0.0036164136169725,0.0014970378646274,0.0020210593418556,0.0013283528557673,0.0012509973043669,0.0004845950994176,0.0035302411962728,0.0067984716539315,0.0066237978281888,0.0059661924632735,0.0015995131757298,0.0021434973759,0.0013474837985867,0.0012746198598483,0.001192439983737,0.0015348006821927,0.0046117217116571,0.004088698370576
sub-20305,ses-1,0.0085670817939896,0.0010843429345383,0.0015776383494607,0.0468953125346415,0.2481119735242959,0.2891431675309833,0.0046050982929324,0.0002450520975048,0.0015262429129724,0.0056187305125636,0.0063424655969697,0.002864203851097,0.0037434689165102,0.0089145888465856,0.0026969167440957,0.0023227042195989,0.0033853804505196,0.0016700157679855,0.0021760760625586,0.0024856243940881,0.0013285552373293,0.0019444606804755,0.0033138299408986,0.0017632329812242,0.001339808486495,0.0038877456483517,0.0006461380528452,0.0007956215119126,0.0036653680081211,0.0070559551858667,0.0035236106604212,0.0007066032722433,0.0023232080964272,0.0009031152352869,0.0033386878644289,0.0025067872208774,0.0071520277011325,0.0064531505402567,0.0094710368239904,0.005670797784823,0.0011894852327138,0.0013681935478236,0.0025840483345527,0.0066662904386348,0.0010907253743636,0.0013379609381245,0.0147797151281963,0.0075438759146204,0.0014508293476676,0.0014441109899567,0.0019021350268969,0.0006125462642907,0.0004766674795879,0.0013466948031487,0.0020736211074675,0.0028611805901271,0.0009385545722119,0.002785934983765,0.0054081099983271,0.0058783950380897,0.0008826242442687,0.0009306605019016,0.0039105880645687,0.0011785679014336,0.0017514758552301,0.0009550145486036,0.0018683752793997,0.0007553113656472,0.0040924875995912,0.0074056457047187,0.0081206469241006,0.0093077807316157,0.0022212570181644,0.0028096171946959,0.0008313967667231,0.0016292017448918,0.001412870626601,0.0016493568180245,0.006891187463007,0.0038476034610291
sub-20310,ses-1,0.0092251555346275,0.001614418098082,0.0014844177423807,0.0342828299595347,0.2422690016480826,0.2792087932748741,0.0034517846889222,0.000279056138134,0.0009764847565055,0.0052285973681491,0.0048184822394953,0.0033793740673427,0.0024733943897436,0.0131584073389647,0.0037592122401898,0.0015369260293741,0.0052243628288754,0.0012316157477434,0.0058218563203886,0.0018297444201475,0.0016550696751092,0.0017268451157977,0.0030262134919196,0.0014674795852861,0.0014530821517557,0.0017463239964565,0.0008488133974047,0.0017829527611736,0.001456893237102,0.005383581505565,0.005023010486413,0.0004948059141269,0.0020641261689445,0.0006466141470875,0.0021932796167911,0.0026256260766316,0.005870341795072,0.0076473662012625,0.0107534007584906,0.0065167442151958,0.0014346619059153,0.0014378378103705,0.0027039650531942,0.009375058224915,0.0008674453702088,0.0010571527296687,0.0119869220489072,0.0064326886106137,0.0022011135144474,0.0011412083342508,0.001410101578128,0.000461353053865,0.0005629819964328,0.0008773965375019,0.0012252639388329,0.0021054129268627,0.0020685724351819,0.0025889973119144,0.0092564911252525,0.0079914225172472,0.0010429670231019,0.0009428201692799,0.0028868971498163,0.0013717789977014,0.0025362772979574,0.0007717447826241,0.0018913569665793,0.000522753873333,0.0044083671108416,0.0084606094687685,0.0127402465856909,0.0092632663880904,0.0018739953555573,0.0029855619148925,0.0008140901753607,0.0008037155541402,0.0018767478060852,0.0009548886062098,0.0085205281994908,0.0042438552600599
sub-20328,ses-1,0.0119655030852896,0.0006004149647248,0.0011363186066822,0.0377093249769772,0.2616948566881757,0.3150731418916241,0.0025623834001429,0.0002057388131501,0.0017949047150327,0.0048064898073695,0.0047858842251587,0.0024785345309931,0.0025828304778751,0.0103953577208324,0.0025725276867697,0.0010320226598002,0.004526095384825,0.0015520758539032,0.0045612833790618,0.002039160116469,0.0014049836978143,0.0016321206155679,0.0040361580416454,0.0008535466169596,0.0013108320375592,0.0024683902443663,0.0004415934772236,0.0005723596720225,0.002103829943715,0.0043526914852979,0.0026681058873318,0.0004886693073512,0.0021914829203499,0.0010141116537247,0.0029502438591402,0.0029047530737981,0.0067508642456692,0.0073446220222952,0.0077392981738699,0.0062209837738965,0.0015607936002231,0.0012078041265055,0.0019673575876886,0.0085834930265954,0.0007987040673834,0.0009874829013293,0.0166035026319668,0.0072388995351063,0.0017089952876618,0.0009767045967883,0.0016145266184496,0.0006703154397627,0.0003094007421179,0.0011664344576055,0.001747511875948,0.0022681990879652,0.0009841543072799,0.002413230685833,0.0081599690599257,0.0089783276826486,0.0008021911659113,0.000469965778883,0.0047966625296997,0.001052945250968,0.0017481458938622,0.0018461016616024,0.0008732011722991,0.0004631500863056,0.0034106993693106,0.0042170116516642,0.0062850195832283,0.0061209674479352,0.0011228457260059,0.0024485771845483,0.0011296614185833,0.0018144007658936,0.001270571900009,0.0013293770615488,0.007520244984522,0.0032842127954325
sub-20333,ses-1,0.0103722422535576,0.0017850114443644,0.0014763266072658,0.0444149990609936,0.253000682848276,0.2728687614542581,0.0037434332517609,0.0001937375113957,0.0012932023857236,0.0055642420635977,0.0041605895088889,0.0025097732209787,0.004677222872611,0.01059979838347,0.0034219764895842,0.0017997621183982,0.0041765993868036,0.0020426085811506,0.0039682910876427,0.0016290500493967,0.0012631613788498,0.0021343505781904,0.0051303563834801,0.0010044849244513,0.0010201350298287,0.0026828238114734,0.000428129319519,0.0007670350497601,0.0027083676616296,0.0071285330562605,0.004078021711553,0.0006776315742135,0.0035667849358921,0.0006781712330196,0.0026443281499704,0.0029071419885491,0.0086537887286142,0.0060808754273198,0.0116746188389852,0.0051384512655718,0.0021881365725333,0.0012998581776657,0.0025666172818896,0.0129973225727765,0.0011125965719433,0.0009357683698058,0.0147952858284877,0.0091957860562238,0.0021440644367005,0.0025151698090399,0.0015619524711696,0.0005952436631464,0.0003892738854786,0.0010748204555152,0.0021215786531123,0.0026988336893882,0.0016655669619439,0.0025642787603965,0.0056352971397363,0.0045099286427149,0.0011185328188106,0.0005157339323785,0.0042992818220608,0.0012230467409285,0.0013003978364718,0.0016324678885021,0.0013764897281342,0.0004691433887838,0.003765919035349,0.0087818677519325,0.0091934475347306,0.0083701080828656,0.0011424576925484,0.0029384421993039,0.0010172568495294,0.0014297360636711,0.0015382074837005,0.0013396130430496,0.0069067332869466,0.0032370534053549
sub-20335,ses-1,0.0080097556214597,0.0010966167610171,0.0011066366095949,0.0357471086706388,0.2434895569983725,0.2892980780631559,0.0036260718686627,0.0001313713480203,0.0011066366095949,0.0033800289202518,0.005987972841757,0.0023617154203428,0.0023203371567714,0.0117499424322588,0.0041086945751612,0.0009234960439225,0.0037270125654467,0.0017273105631655,0.0064950885114457,0.0015901870798505,0.0012918182555332,0.003336795129166,0.005453766470358,0.0011192541966929,0.0008693146405017,0.0036028777747326,0.0005728013436988,0.0006564856345987,0.0025823376418063,0.0079197625370108,0.0045504956763425,0.0007173469370714,0.0024322254658904,0.0007707861294865,0.0038682182092934,0.0017948517646901,0.0081741553592366,0.0044521527180787,0.0102599538381864,0.0051231114672899,0.0018308489984697,0.0023947438100993,0.0029369289498103,0.0120969260774538,0.0009097651403159,0.0011812288156743,0.0115612352840432,0.007185901405061,0.0022871232142635,0.0019367996195426,0.0018668462322493,0.000519918809538,0.0004976524793651,0.0007086259577537,0.0016300809214104,0.0020228960962113,0.0014298695026054,0.0036500081735987,0.0060065281169012,0.003786018340405,0.0019468194681204,0.0005509061190287,0.0039394704658468,0.0011335417585539,0.0014734743991941,0.0008561403951494,0.0020755930776206,0.0005208465732952,0.0042972161706254,0.0111385461162603,0.0113029458540371,0.009871963034923,0.0011437471598831,0.0021678127950868,0.0007273667856492,0.0010693405065553,0.0017223006388766,0.0010223956604406,0.0052101357077158,0.0062165738315325
sub-20336,ses-1,0.0088041422881751,0.0008821602415939,0.0011084638393125,0.0387246987068487,0.2577748847080641,0.2882577250470619,0.0030061932598821,0.0003369974174267,0.0011462658635007,0.0039734504348504,0.0044480946847472,0.00322622477287,0.002341182762616,0.0078531586303462,0.0043733382153884,0.0008889408737353,0.0044024949335964,0.0020092708192953,0.0039281897153066,0.0020370714110749,0.0014115580960323,0.0021294575240013,0.0034186252098817,0.0009038582644463,0.0009521702684537,0.0021304746188225,0.0006907768994033,0.0006222925147754,0.0025303623993605,0.0044236844090382,0.0034086237774732,0.0006221229989718,0.0023483024263644,0.0008740234830242,0.0029044837777613,0.003957176917711,0.0057882866274915,0.0046042187398025,0.0104638715205821,0.006913532531354,0.0017283831328385,0.0020557181494637,0.0034220155259524,0.0114565560660806,0.0007385803560001,0.0012194966906277,0.0153486389152344,0.0067133343673797,0.0023654235225214,0.0016653232539236,0.0016376921779475,0.0006192412303117,0.0003195372896626,0.0006166984932587,0.001468854437627,0.0018699288287898,0.0012413642292836,0.0028782088282135,0.0067123172725585,0.0073715642325044,0.0016729514650827,0.0009720036174672,0.0020672452241041,0.0013137474773929,0.0018017834757689,0.001142536515823,0.0013830794410385,0.0009257258031023,0.0033837049543536,0.0090865556168637,0.0096759620657534,0.0100378783062998,0.0014886877866406,0.0024988324599031,0.0007980804030407,0.0015190311154733,0.0010289609274548,0.0007950291185771,0.0054499330836365,0.0041258451422279
sub-20347,ses-1,0.0070256396296809,0.001014089152264,0.0009706930010292,0.047380706939084,0.2074973163425566,0.2779233521396472,0.0029842744183239,0.0001676669479526,0.0016628616132243,0.0035010831284837,0.0069406226243072,0.0024402444860258,0.0028957068187583,0.0148840908526041,0.002386591062681,0.0024763421936438,0.0069057084480865,0.0009381458876031,0.0039056536111318,0.0015123558705327,0.0015750830345902,0.0019252110729619,0.0033330216700653,0.0018695850972882,0.0011853066944086,0.0025911447391832,0.0007114996250178,0.0009949553946741,0.0022627147764289,0.0096067243519869,0.0041038951201816,0.0004840643415008,0.0030781679091773,0.0008239351077625,0.0025584003705242,0.0038612711837325,0.0063752891268576,0.0070282039477084,0.0088952247269691,0.0046493058391099,0.0034513748097966,0.0010866790779659,0.0030209638916405,0.0085987501119423,0.0008407018025577,0.0012178538078347,0.0084539647710044,0.0099963034369357,0.0021412055529715,0.0016344568596888,0.0024211107284359,0.0009444580550555,0.000795530354227,0.0014953919205045,0.0026116592834033,0.0039472744652706,0.0021650734361506,0.0049970668146869,0.0068277926310968,0.0048445885196665,0.002234901788592,0.0009409074608635,0.0042950354408476,0.0012298863770407,0.0016230160561814,0.0011093634297477,0.0019374408974008,0.0004000336122916,0.0054493730636933,0.0080405178028765,0.0094984312291328,0.0115534362453334,0.0014569271500919,0.002117929435491,0.000678360745893,0.0011062073460215,0.0014174761035148,0.0014289169070221,0.0097962866307898,0.0060433085699113
sub-20350,ses-1,0.0113710231474042,0.0018992485079397,0.0014863767740672,0.0451078263757799,0.219121798895438,0.2421561113686341,0.0043915064404522,0.0002546973551933,0.0012260922605526,0.0072033883610629,0.0064787917249946,0.0031621389491595,0.003270799545475,0.0096447838867895,0.0020545329771423,0.0020980742799212,0.0044200202139534,0.001083138071783,0.0030492398189452,0.0024119184490665,0.0016098722390286,0.0020160008507893,0.0036410932797274,0.0014031473811447,0.0013449638703517,0.0027091938038799,0.0010952756915842,0.0009823765613699,0.0039060016484043,0.0068928194226577,0.0054347637614599,0.0006053397050057,0.0028581204722343,0.0006590920212681,0.0032361206317573,0.0023094229929675,0.0106595274342959,0.0085689669190135,0.0102250777096658,0.0047490845730081,0.0031411389402971,0.0016455144559051,0.0037435887358264,0.0077449573969544,0.000910899466985,0.001249596857628,0.0161740526973066,0.0100279858833701,0.0024132670734888,0.002272046830405,0.0021570284332413,0.0007770003279083,0.0005743213432915,0.0013617253453152,0.0024186615711782,0.0035511207646931,0.0018483861011537,0.0036252951079227,0.0086593247553113,0.0065032596252288,0.0013544042413082,0.0007315324188118,0.0043866899246581,0.0015131566018826,0.0015642116693003,0.0012047069304267,0.0016013951712309,0.0006903030436141,0.0044899560232841,0.0091904901170875,0.0102851878267765,0.0120605555484913,0.0020445146242905,0.0020133036019446,0.0008270920921673,0.0016457071165369,0.0021192669494154,0.002198257808439,0.008808829405561,0.0046556441666021
sub-20352,ses-1,0.0132397738114205,0.0012601522297355,0.0013869659800725,0.0333710288949027,0.2432858108151785,0.2762081433820524,0.0034209292500953,0.0001300458849033,0.0012373371622086,0.0056896975900824,0.0050039146853364,0.0034602852415792,0.0036762678808338,0.0117512807808532,0.003592042256547,0.0015597901165887,0.005209630544204,0.0012707992612481,0.0022868302684458,0.0016097931395852,0.00132118253537,0.0028053026779946,0.0031741462696794,0.001255018839542,0.0016727247008469,0.0026031992048188,0.0004099107132332,0.000633308249434,0.0034234008824107,0.0096931715643645,0.0051816820864835,0.0007696282779072,0.002778114722525,0.000866972566022,0.0048559969975371,0.0034099019674573,0.0071477705306138,0.0048158805038023,0.007938122494858,0.0056680232759318,0.0020657142389977,0.0013692843027392,0.0032830882171203,0.0085438625376971,0.0010301002988393,0.0008072731393266,0.0090775449922637,0.0085086893085931,0.0032306135618084,0.0017417402801157,0.0013723263117428,0.000637491011814,0.0005641025446025,0.0011304865959577,0.0025163118226539,0.0026416045684891,0.0013112960061083,0.0034701717708408,0.0066456489194593,0.0038308399633285,0.0034789175467262,0.0008913086380507,0.0045814556849634,0.0013614891546675,0.0013586372712266,0.0010852367120293,0.0013285974323162,0.0005758903294914,0.0056184005040608,0.0087940677782421,0.0126606513473628,0.0105863814580425,0.001658845534768,0.0022202863214924,0.0009175459657066,0.0016080820095207,0.0012293518885742,0.0009243904859647,0.0080875611871592,0.0053765607882757
sub-20399,ses-1,0.0094667461421958,0.0016943221089552,0.0009400415851054,0.0361607012597862,0.245480795840257,0.2851310865970947,0.0036467161703282,8.13724063451629e-05,0.001527227768977,0.0044618900762091,0.005792301735407,0.0020431904435086,0.0037117778493436,0.0116681506408031,0.0036494346248831,0.0033377185025809,0.0050708238965203,0.0016087814056258,0.0019861028978544,0.0017394484545676,0.0018364066670279,0.0016865292058977,0.0038449821225366,0.0008519636575247,0.0010623720400787,0.0039395843410493,0.0005485841291911,0.0003947196013803,0.002519826142145,0.0074398664260169,0.004746784113569,0.0006317688385729,0.0026620919305213,0.0010409868642463,0.0018559795398236,0.0019578309704828,0.0076770968935132,0.0054717053282252,0.0100735051988631,0.0038061988375525,0.0019986077888072,0.0010734270886022,0.0027405646520079,0.0089147186372351,0.000578305898992,0.0013305928895015,0.0096004941062999,0.0061152541365363,0.0020323166252887,0.0023831784931823,0.0017097266847667,0.0010739707795132,0.0006680148993057,0.0009433037305714,0.0023958646144388,0.0024259488448471,0.0011497250464447,0.003543777357847,0.0048085836471185,0.0068111785026063,0.0015058425931446,0.0007386947177347,0.0025145704633388,0.0008327532453363,0.0008559507242053,0.0009623329124561,0.0010442490097123,0.0005069011593483,0.0033301068298271,0.0124057579767158,0.0096162611427186,0.0128570214328394,0.0014186708170822,0.0020609510132676,0.0007321704268028,0.0013220750652293,0.0015161727204535,0.0006060341354526,0.0082555840228089,0.0053992132067596
sub-20402,ses-1,0.0078272317086041,0.0013561646924049,0.00199871326911,0.0523757959972801,0.2554057891127144,0.2843410601447033,0.0031052430199423,0.0001548782229128,0.001512023157235,0.005669065754301,0.005772971397521,0.0032691067937626,0.0031400416080019,0.0091013828272725,0.0032333279637859,0.0023743092970391,0.0044896713542924,0.0018761830294637,0.0037172407235623,0.001613641569315,0.0013780567618884,0.0019866236187982,0.0044205642991319,0.0012734976240569,0.0012904884839545,0.0022130595016646,0.0005526930676311,0.000727666249846,0.0028851787095376,0.0045703779388061,0.0048767035379218,0.0005832439407162,0.0028641035083184,0.0007980802942294,0.0030452848893421,0.002520855463656,0.0081984166479059,0.0085852854578824,0.0072686571894699,0.005979802442044,0.0014166129439638,0.0014309898254156,0.0028935107658336,0.0086338074327823,0.0009207739075285,0.0010263132872772,0.0157585324340811,0.0070962979857008,0.0019157194534563,0.001364333375048,0.0016446825633587,0.000865880360167,0.0004236278818703,0.0010202684621213,0.0015672434519023,0.0036861997295185,0.0013163015211067,0.0030131002797283,0.0062158773704291,0.0061653949116949,0.0008902230344434,0.0010250062980543,0.0039907282184527,0.001097380826272,0.0017307804784168,0.0011852758515116,0.0012759482288498,0.0007944860738664,0.002944973466485,0.0051354874040547,0.0072590181439511,0.0080536675914704,0.0020126000296033,0.0022529226729628,0.000937928141079,0.0022744879951406,0.0019426761061784,0.0015597282638706,0.0056569761039892,0.0026889669524507
sub-20403,ses-1,0.0085283834883157,0.0012322539389506,0.0020789828751706,0.0487817960895221,0.2561493587709612,0.2934679845712213,0.0030132206392487,0.0001990015566848,0.0016555373803681,0.0047410338292923,0.0045585617178695,0.0036667819406411,0.00336584880484,0.0095373278628432,0.0037288483870664,0.0019109335150059,0.0036186520853191,0.0014709585749414,0.0038045273178252,0.0017809667002981,0.0010924018677624,0.0021164172070876,0.0036562484706211,0.0010214224851664,0.0009875533277176,0.0026202411808117,0.0005522779358158,0.000589388160963,0.0033467265054192,0.0033081577998076,0.0041740090354485,0.0005825819187963,0.0022977549448159,0.0008478633099144,0.0038985182810802,0.0036165453913151,0.0058912887554721,0.0072543197760551,0.0087687086581558,0.0059486556537346,0.0011570611683465,0.0022151077185054,0.0026651299684352,0.0097812182071515,0.0008588829400891,0.0012136177996845,0.0174900977279143,0.0076675559076075,0.0016764422670231,0.001246028476669,0.0013249484751262,0.0007238924704487,0.0004777333787514,0.0008815704139783,0.0013787501989205,0.0049210751399412,0.0010248256062498,0.0021423457486752,0.0050555794494268,0.0053211849473148,0.0010358452364245,0.0008600173137836,0.0042065817658179,0.0011374527087709,0.0013789122523054,0.0008867561222958,0.0014596148379968,0.0005216498460654,0.0037074573402566,0.0056334618200604,0.0077276777134137,0.0070067022038936,0.0016779007474874,0.0029892367382802,0.0014273662143972,0.0015244361919658,0.0014309313888655,0.0010873782128298,0.0073888240855408,0.0037482947932571
sub-20410,ses-1,0.0090508236383334,0.0030055693316575,0.0016997506730771,0.0470030632455022,0.233533641794038,0.2723057877471687,0.0025701707893191,0.0001905575438546,0.0017606310753175,0.005553875951751,0.0086044930113821,0.0022870674946903,0.0031160210830906,0.0116634033765816,0.0037184166421008,0.0018328205306056,0.004366802350172,0.0024031737726473,0.0052639872252936,0.0015629111311993,0.0012764151206562,0.0023654769291548,0.0024998661762056,0.0014117467887943,0.0009190490443473,0.0031180944094827,0.000809728198219,0.0007586489752867,0.0021954641650036,0.0064239190995581,0.0049663706459203,0.0005931598323545,0.0025322854616091,0.0008811637166373,0.004170401795576,0.0039314038078335,0.0074136497254538,0.0072487260351741,0.0107277677210976,0.0046318111599243,0.0012558703409528,0.0021266674256297,0.0026184227489895,0.0130244479108786,0.001189523896406,0.0009090593808218,0.0140778862022767,0.0088523497573454,0.0028012524399281,0.0018077521296831,0.001511454939832,0.0007976652083014,0.0005241746087633,0.0010072596581197,0.0015467014884975,0.0023177904221367,0.001383474156175,0.0031320422415749,0.0070694775443672,0.004832169883087,0.0019402565345593,0.0005918404428323,0.0039412049871416,0.0011192192832925,0.0017879612868496,0.0009000121383836,0.001239660698251,0.0006696844246443,0.0040520337070095,0.0089004132327983,0.0078997505222897,0.0095465371302599,0.0017670395387112,0.0014341764106724,0.0010336474485645,0.0011175229253353,0.0019634400933072,0.0010551346493552,0.0087596155223538,0.0040271537903045
sub-20427,ses-1,0.0083318334966992,0.0016725588415114,0.0012443824171741,0.0450617836295411,0.2502527040438431,0.2924456886189447,0.0036358421602546,0.0002669085458026,0.0014003767680352,0.003958377917324,0.0048084365555494,0.0034138436565756,0.0026903496825166,0.0102109104864608,0.0040332279875299,0.0014366110065667,0.0038677072640972,0.0024093216916524,0.0045131190058277,0.0021663991910748,0.0012848695006037,0.0017389032219212,0.0039527641620585,0.0010856662455783,0.0014085422302394,0.0019743407154782,0.0005229298086662,0.0008517597761846,0.0019789337879681,0.0059010774667606,0.004145332979043,0.0004502912178072,0.0024913165412871,0.0009589314676159,0.0030173083982799,0.0027776180598249,0.0078621493061568,0.0071480115908735,0.0112014831201183,0.0059544931986803,0.0009170834738189,0.001235876727378,0.002412383739979,0.0078391839437073,0.0008116129203469,0.0013740091296671,0.0156693518562307,0.0074038627399412,0.0021293143835637,0.0014303167961175,0.0014893462833027,0.000474957718216,0.0003128392707017,0.0008760860490016,0.0011326176532529,0.0038045950458099,0.0012018539681934,0.0024305859161427,0.006964458805073,0.0058114274963093,0.0010205126617399,0.0005355182295644,0.0042079348559425,0.001475396952037,0.0022812260033226,0.0008044681409181,0.0016006007058361,0.000598120106464,0.004305750288598,0.0066155554096357,0.0081836643804506,0.0074691864375755,0.0012850396143996,0.0019969658503359,0.0010997856906398,0.0013090256596247,0.001574403181264,0.0007934107441832,0.004105696464593,0.0042052130352077
sub-20448,ses-1,0.0088571001069546,0.0019019083736799,0.0015304303492558,0.0270478857524969,0.2587624295512523,0.2660100378497499,0.0057786907200688,0.0002305343483248,0.0019676697743238,0.0062155606990658,0.0062663595338329,0.0032450295649218,0.0034807361582411,0.0074635495270166,0.0022057777671048,0.0007176489929823,0.0034696527761101,0.0014624522721856,0.0031275457143332,0.0021924777085476,0.0015370803785344,0.0024049091993918,0.0034404665364985,0.0010416531972786,0.0024106356134929,0.0023415491982096,0.0009003400751083,0.0005929609440086,0.0034552443793398,0.0071293855557669,0.0039981453807234,0.0007056419956737,0.002732792587434,0.0009747834584216,0.0028149943382389,0.0031476805252045,0.0059438331138207,0.0062502886297429,0.0104126527890407,0.0047747210220356,0.0019990726903617,0.0012622125016855,0.0029901117759087,0.0094009247235157,0.0014005700552876,0.0010667755301089,0.0211066387611734,0.0069127054351058,0.0022176000413779,0.0022877947948743,0.0019632364214714,0.000486929921622,0.0005251675899739,0.0008742941271005,0.0026624131109021,0.0025129721751691,0.0009622222920064,0.0037312205944017,0.0072514874822434,0.0054921852919824,0.0015307997953268,0.0009624070150419,0.0032889936473748,0.0009840196101974,0.0017116436470977,0.0011872149492658,0.001675992101243,0.0008391967503523,0.0026522533439487,0.0077415576954692,0.0084750928695061,0.0087730511257945,0.0019709947889631,0.0027834066991656,0.001200515007823,0.0013185530275181,0.0020341700671098,0.0009417180350641,0.0087553177143849,0.0051149808534573
sub-20463,ses-1,0.0111068439639017,0.0011484878001168,0.0021503872572665,0.04846465554744,0.2500185284023564,0.2741903088170248,0.0037859853896035,0.0001453136617239,0.0012557431218655,0.0064047269550833,0.0056887202910497,0.0031459133082002,0.0035756629844767,0.0102979676664355,0.004033273550783,0.0016889526472306,0.0048436066268128,0.0010867568084822,0.002656799905455,0.0016197556654573,0.0018965435925506,0.0018526581383207,0.0047106755828798,0.0012007497310877,0.0007892097868569,0.0024932765116854,0.0004792801474405,0.0006888741632855,0.0024102401335574,0.0070346015865411,0.0052127178953774,0.0006029242280302,0.0027578639183082,0.0009310635994922,0.0020635268354089,0.0024497552520964,0.0089961539224946,0.0075574029935706,0.0090345764571108,0.0050706819854216,0.0016676472607373,0.0012236939934652,0.0026021707093182,0.0079891557403721,0.0009895168393586,0.0012484592290472,0.0150139240716086,0.0075750664336549,0.0017483163736993,0.0019539042484943,0.001747770081738,0.0004905701813088,0.0004481415056425,0.0015013924071608,0.0019417037280238,0.0030941976691907,0.0012557431218655,0.0030506764096017,0.0067681932067137,0.0051289531279676,0.0007569785611361,0.0006466275849397,0.0031326202038069,0.0010736458014093,0.0015478272238771,0.0011217194940098,0.0013722854069574,0.0005923625834438,0.0030767163264269,0.0085161453857722,0.0075269927410545,0.0090103575134902,0.00203603014002,0.0020214623543836,0.0009195914683035,0.0023603454677524,0.0015350804114452,0.0016328666725302,0.0064855781653658,0.0042481483889212
sub-20494,ses-1,0.0086145521377897,0.0018306616916343,0.0022397734667556,0.0436966014968816,0.2588019566069113,0.2997684558510718,0.003058669621643,0.0002137201258443,0.0016926095883155,0.006463898786453,0.0052372360657336,0.0034329741064026,0.0024580336739515,0.0131524475242263,0.0051518152758603,0.0023835427095541,0.0043194670280795,0.0017665960992293,0.0031059200979312,0.0012369199415506,0.0012875334410621,0.0017820660060568,0.0029039705533686,0.0013588295333973,0.001405575556202,0.0025204177547448,0.0002626521137441,0.0003709414615362,0.0018710179703145,0.006081186743635,0.0039259933109468,0.0005187463322027,0.0029927543664652,0.0008267992594622,0.0034655954316692,0.0033335967701524,0.0073954562193229,0.0058373675599416,0.0087314171948014,0.0065901803084901,0.0013879196842793,0.00107700818728,0.0025555613474288,0.0097717684289468,0.0009182734911375,0.0015184049853456,0.0131860777564599,0.0079604441208468,0.0023391508030058,0.0017701272736138,0.0018721950284427,0.0004491317514793,0.0002724048810919,0.000936770118866,0.0015987812403838,0.0037270704872852,0.0010154648622926,0.001915578028024,0.0060749651506718,0.0046969663849013,0.0012046349186064,0.0007978772597414,0.0022256487692175,0.0012406192670963,0.0021684773744205,0.0017235494019703,0.0016978222743117,0.0004602297281163,0.0040183082984279,0.0070300637461051,0.0061735017311162,0.0051356727643882,0.0016643601932393,0.0023041753614829,0.00096182464188,0.0014830932415003,0.0014772079508595,0.0013314208941269,0.0043973210157002,0.0027359875433619
sub-20533,ses-1,0.0071618413844874,0.0013641850359982,0.0011749990852833,0.0442547729569174,0.2451816974124182,0.2939188421750454,0.0030581882922161,0.0001997637169785,0.0018068905650313,0.0044492512588842,0.0053126397544016,0.0036052842358508,0.0023402874343246,0.0105645874072906,0.0045694216198791,0.002408435994023,0.0033436145753295,0.0024982603042616,0.0032126930420667,0.0020975190282743,0.0015127939817018,0.0020364801147531,0.0048199932961238,0.000843793617029,0.0016733679417036,0.0024422501648657,0.0005481363796606,0.0010485861081328,0.001795965986759,0.0054903809088312,0.0044516789429447,0.0006898090851914,0.0030862800649162,0.0009256412510688,0.0029140879026248,0.0030028717768375,0.0063511683142838,0.0069407487289773,0.0107483977718715,0.0067253784716098,0.0017647529059811,0.0010491063261458,0.0022227181633945,0.0085946951981969,0.0013293304291295,0.001258407373362,0.0144556447382635,0.0086656182539645,0.0022780346787731,0.0012936087922393,0.0019206449038663,0.000577441994391,0.0004446129950806,0.0014716967586776,0.0023385533742814,0.0038917509549902,0.001237945464852,0.0025958878846947,0.006751909590271,0.0046458936677849,0.0009422882274837,0.0005089466226839,0.0052014865056314,0.0008864514940921,0.0023799974093142,0.0015304813941426,0.0016000172018756,0.0003664068871315,0.0031624053008134,0.0053029290181595,0.0077864498120539,0.0069005185359747,0.0014009471089144,0.0020982126522916,0.001203957888005,0.0016216929524158,0.0016048725699966,0.0011808948894302,0.0067623139505303,0.0037143566125691
sub-20572,ses-1,0.0083281772642385,0.0012374565827494,0.0013062251623099,0.0440319169336014,0.2197834356517853,0.277048014260034,0.0038138222955669,0.0001433938238636,0.0015346350872784,0.0037297508178076,0.0044829934735973,0.0016464784913987,0.0031387944527938,0.0112143794344162,0.0035002073448243,0.002772280594697,0.0046711624440428,0.0012761861399194,0.0024409067250569,0.0028404824002501,0.0015078077842631,0.0022969461271859,0.0032697192484954,0.0010141476238472,0.0014435733967616,0.0029330554881199,0.0007111124545754,0.0005082073599383,0.0026526912791428,0.0081672134461465,0.0048876701148567,0.0006999658990972,0.0023347310610103,0.0009663496825593,0.0047187714606616,0.0035640638829876,0.0076597617848847,0.0069924798535455,0.0089038307310534,0.0071439974381814,0.0022449918431774,0.0016375990319499,0.0029117070005091,0.0082690438428033,0.000688819343619,0.0009276201253893,0.0118975310379615,0.009649327475409,0.0016978660013999,0.0015922571113607,0.0016861526719143,0.0005936013103815,0.000661047417258,0.0012508702342571,0.0029256874260241,0.0027804043554693,0.0018063087614759,0.0038115551995375,0.0084917860276982,0.0049912008335356,0.0019566927980971,0.0009850532248024,0.0051952394761874,0.0013680035291128,0.0016198401130525,0.0012612610910588,0.0011087988830773,0.0004025984698991,0.0052090309770333,0.0093506375735271,0.0093884225073515,0.0114707502104148,0.0017441525453348,0.0020698586749012,0.0009916655882216,0.0013319189173105,0.0022695520501632,0.0020337740630989,0.0081691026928377,0.0057582349901711
sub-20612,ses-1,0.0073941002020698,0.0010229331506989,0.0017793126118028,0.0538310705505458,0.1967248216397361,0.2688399880870711,0.0024422648140359,0.0002158360347793,0.0013705206872737,0.0038438643649749,0.00554767249818,0.0023087973013631,0.0038335682997115,0.0125768343870275,0.0042068959994447,0.0035752133287522,0.0083829038030995,0.0014414491368655,0.0033052276174027,0.0019898099460753,0.0022611303325514,0.0028460993738085,0.0036596791974865,0.0010141624284375,0.0016916053891893,0.0025069012237445,0.0007294952906941,0.0009470473363507,0.0019718871658021,0.0062022353139022,0.006981685587911,0.0006398813893281,0.0033458398748303,0.0007954663755295,0.0053938035228559,0.0043388381691155,0.0081773638335835,0.0083480115819294,0.0085792917146037,0.0079310209387647,0.0022718077335652,0.0023375881505254,0.0031900642207537,0.0062499022827139,0.0007931783610265,0.0008919443204043,0.0108238339420087,0.0116002335300136,0.0029324719212953,0.001367660669145,0.0013219003790858,0.0008242572246917,0.0011009163116748,0.0015798740142947,0.002284010477581,0.0043466555520006,0.0015508924972572,0.0029494413621923,0.0096334943968431,0.0071746414776607,0.0016599545218983,0.0011939622347952,0.0037860919987751,0.0020395742615147,0.0016965627539457,0.0012555479584999,0.0012465865683633,0.0009945236372871,0.0053263070950185,0.0078143321991137,0.0097816433359098,0.0086837777102389,0.0021718977669359,0.0031031196696412,0.001031513205085,0.0016835973384289,0.001662814540027,0.0012847201434127,0.0088517561083313,0.0058357716576779
sub-20626,ses-1,0.0090006746175253,0.0024481648106574,0.0023714771865996,0.0371210920940509,0.2337937056199571,0.2796340248584685,0.0042217120959739,0.0002816421117046,0.001601292089146,0.0054709028858292,0.0075058498643174,0.0028956390434211,0.0040420606314933,0.0092869880565837,0.005277432077927,0.001539786278988,0.0053805905569896,0.0020752371769144,0.0042402027667493,0.0022474923730849,0.0014572594957379,0.002203114763224,0.0033703626857485,0.001242573076104,0.0014660182345263,0.002944493341996,0.0009517829483316,0.0011728924430769,0.0037138998848907,0.0069308873225236,0.0054903667498033,0.0005070336565243,0.0025522964829187,0.0006981688007495,0.0034604803759484,0.0023177569220312,0.0061353992019037,0.0063860937698896,0.0111444245956284,0.006231939967215,0.0021118292411856,0.0010448202181276,0.00279890363947,0.0089187317501945,0.0013786254852827,0.0011228703126636,0.0138316056558874,0.0084574381740092,0.0022054504269009,0.0014802268552273,0.0018120857359851,0.0006240114790084,0.0003521012992907,0.0011619926792514,0.0023393618110424,0.0034604803759484,0.0010973726508575,0.0026669386417259,0.0063037616252793,0.0044794136549905,0.0017034773750098,0.0007232771852761,0.0030091133703899,0.0017591440259756,0.0016877116451908,0.0009761127782991,0.0018109179041466,0.0005837212805821,0.0044418483975206,0.0096209879623786,0.0075130514939878,0.0072896063355655,0.0013854378376737,0.0023919142437724,0.0010893924666282,0.0009963551968322,0.0017379284142439,0.0010076442379371,0.0061369563110216,0.0035083614813246
sub-20691,ses-1,0.0105599820446638,0.001036057422546,0.0012817347617033,0.0374531046329946,0.2649040511727079,0.2940902773581485,0.003864022858524,0.0002631147328712,0.001396545324275,0.0051019051647488,0.0060512935611128,0.0031717065338432,0.0028569702096803,0.0124193952159388,0.0040480650535638,0.0010869884239876,0.0046345484837236,0.0020382759424393,0.0036309487841302,0.0017402864221403,0.0011011455159137,0.0022224907849416,0.0045774021736315,0.0011708950907694,0.001321616325544,0.0015384615384615,0.0005421130322937,0.0008228378063413,0.0022969018412851,0.0037856409105427,0.0045516777017169,0.0005702545686834,0.0029762696062774,0.0009046727035729,0.0037417884550641,0.0026337370406498,0.0079671624526298,0.0059704945486563,0.0100014675034313,0.0055937777854509,0.0018720164360384,0.0013513116890964,0.0024790449142373,0.009122864566698,0.0009740769835035,0.0013816976424988,0.0181495644967758,0.0085263675837124,0.0025589806893813,0.0012442702623378,0.0019479813195445,0.0005604136633201,0.0006500176963649,0.0010200012085322,0.0012941653790043,0.0031480538314788,0.0011765924570323,0.0020263632675258,0.0061381352347573,0.0052552161114612,0.0012872594805037,0.0008886164895591,0.0024928567112384,0.0017958789050697,0.0014220971487271,0.0007732879845998,0.0016527541586457,0.0005889004946349,0.0037131289762868,0.0091630914254637,0.0072366910387334,0.0060229793772606,0.0018642473002253,0.0026706835976278,0.0009562942948646,0.0014219245012646,0.0014464404409416,0.0008789482316583,0.006239824590178,0.0031666997574303
sub-20712,ses-1,0.0094424204498844,0.0016130629118683,0.0015642501654976,0.0536219230290258,0.2324062821142163,0.2841467583679363,0.003012074169157,0.0002647617161802,0.001271028720868,0.0053952745811849,0.006347036893812,0.0037128734218218,0.0032547580353887,0.0085950104749049,0.0038950156838976,0.0024125225564908,0.00351262042346,0.0015545911061451,0.0022571151908371,0.0018597138917626,0.002041511187433,0.001432472998617,0.0031586848914718,0.0011628817527605,0.0011435636340554,0.0034920949223359,0.0006064509407751,0.0006957972397858,0.0031162540236019,0.0069146791139744,0.0043845230132263,0.0006188697313712,0.0025253265710718,0.0009162307728661,0.0044797337411296,0.0026308862911385,0.0080839427452357,0.0083625031176338,0.0094927855450796,0.0073301911493349,0.0015692521783766,0.0014845629258394,0.0024951420105952,0.0098389593329453,0.0007133905264635,0.0013217387824686,0.0122442375949218,0.0078761004859541,0.0019216353615403,0.0015457944628062,0.0019368138833799,0.0006469844934151,0.0004703616938264,0.0011661589336122,0.0023859601432714,0.0039412411822274,0.0012632669767454,0.0027821540599268,0.0078265978067725,0.0073772790636783,0.0010762951849934,0.000506755649601,0.0041744384723093,0.001264129392759,0.0019576843509094,0.0012630944935427,0.0007237395186269,0.0008605186983865,0.0034796761317399,0.0074567938201338,0.0067822120142829,0.0089375621155133,0.0020672111846387,0.0035405627023012,0.0008617260808056,0.0021089521196978,0.0016180649247473,0.0013872823995035,0.0055434376523242,0.003771345227545
sub-20721,ses-1,0.0071410220453774,0.0011586342958274,0.0019396770120312,0.0570505976921501,0.2032659989715044,0.2638519975561667,0.0022079436354164,0.0002390432216214,0.0013243036525888,0.0055530770560134,0.0065151366709121,0.0033182226621383,0.0035061774907483,0.0127609555169367,0.0043036189503879,0.0016583754900175,0.005527217499057,0.0017065205188226,0.0036472487323561,0.0020759127267283,0.0015030079079786,0.0025054336605653,0.0031018853929664,0.001064026160621,0.0011308825761669,0.0019905551647421,0.0008701846035982,0.0007589674846556,0.0012683797326668,0.0061896846858021,0.0053760547230273,0.0004890189388667,0.0035911145721336,0.0007888216073207,0.0059083831637885,0.0035440207448309,0.0088071764265119,0.0069499136122605,0.0105963213834148,0.0069791370140242,0.0018906910220243,0.0021616907693155,0.0024930294828382,0.0080488396627577,0.0006513244508207,0.0007814631968046,0.0125322140700377,0.0098238985195298,0.0018271984512858,0.0016224243986391,0.0011088073446187,0.0006744508838712,0.000619367925151,0.0013060127464489,0.0015744896101345,0.0027827406168702,0.0015030079079786,0.0039802693682825,0.0090174167269705,0.0050079239569242,0.0017637058805473,0.0014239575550062,0.0045540151482341,0.0016531194825061,0.0017534041058248,0.00080227698655,0.0018953163086344,0.0005724843381488,0.0072621204584415,0.0089068303289293,0.0119254605629141,0.0107603088177725,0.0025989905942694,0.0020298701009279,0.000817834768784,0.0013915805487355,0.0018232038855771,0.0007392048964125,0.0086980617105739,0.004618138439874
sub-20724,ses-1,0.0091347718460114,0.0008846197753645,0.0013468339952362,0.0360367547047413,0.2642176954624783,0.3083267798771383,0.0030833901678175,0.0002222779509101,0.0019602282012323,0.0039045019572076,0.0052990443906881,0.0021790984065536,0.0026351167253547,0.0093705258817502,0.0030276270581815,0.0010537678745937,0.0036083378860298,0.0015066882428594,0.0058794454234828,0.0021053671838127,0.0013132212319279,0.0025076360608257,0.0052335227368658,0.0009157541782446,0.0009933578391547,0.0027731304217038,0.0005501960150752,0.0007871892310282,0.0024574492621533,0.0047474542978719,0.0030736316236312,0.0005334670821844,0.0022305243854401,0.0008844648778377,0.0031871715107512,0.0024975677215859,0.0070083385985584,0.0055211674440715,0.0086810769901118,0.0051178142843711,0.0013885014299365,0.0012057223483518,0.0027045108173462,0.0116109637089035,0.0009030525810497,0.0011377223341012,0.0163996207488954,0.0069126119270166,0.0013256130340692,0.0013988795642298,0.0015703511263606,0.0003592073645719,0.0003122734139616,0.000727553683223,0.0012667519738979,0.0021199275513287,0.0009363555493045,0.0021794082016071,0.0061704978762774,0.0082857785018032,0.000596820170632,0.0005241732305784,0.0041139234133962,0.0009890207084052,0.0019591439185449,0.0015249661510179,0.0008790434644009,0.0007390161002038,0.0032362740267362,0.0060111083212345,0.005702087755335,0.0062171220318342,0.001166378376553,0.0026787978279029,0.0013575219245831,0.0020781052191017,0.0012439820374632,0.0009261323125379,0.00651529977086,0.0029421236234063
sub-20794,ses-1,0.0079056281928991,0.0020173086518132,0.0015429256189697,0.04482985783056,0.2207339580226748,0.2911644412604797,0.0033227593714264,0.0001416914673965,0.0017435607368031,0.0042526332414605,0.0071586307767847,0.0023957193307401,0.0034493370823006,0.0096516449151372,0.0039739733555807,0.0013269878226574,0.0038122561607922,0.0016906625889751,0.0033025447220778,0.0019209584539836,0.0012931707924388,0.0019394728057234,0.0024627866253078,0.0010543734393865,0.000965202275905,0.0041213324816731,0.000790827310029,0.000787237792855,0.0024684542840037,0.006400109121322,0.0038993491827519,0.0005824463919779,0.0029530391024997,0.0008357907356828,0.0046695839995193,0.0027886770003198,0.0075946626524529,0.007948135633118,0.009486149281218,0.0051443448762759,0.0019343719128971,0.0015236555794038,0.0023252514409549,0.0118314264495651,0.0010392596828642,0.0011407107735201,0.0164120282075594,0.0073305497572258,0.0017335478731071,0.0021620228705142,0.0016388979728862,0.0008620508876403,0.0006908875950253,0.0012466959911327,0.0031013428383748,0.0019969050805081,0.0010653309128652,0.0035643905538266,0.0073477416552699,0.0051416999688845,0.0013082845489611,0.0006750181506769,0.0038651543086202,0.0012193023074361,0.0011679155352602,0.0009663358076441,0.0007685345191586,0.000547117986107,0.0049149936210501,0.0100838983516748,0.0093595715703438,0.0076148773018015,0.0016175497917985,0.0032810076190335,0.0008913337909023,0.0012270481076537,0.0021106360983384,0.0006041724169787,0.0082022356646491,0.0052905704706291
sub-20818,ses-1,0.010438673382965,0.0016482735962492,0.0012906118590869,0.043779143119901,0.2523003119820216,0.3011572419011917,0.0035244408358479,0.0002379923276928,0.0015008328048355,0.0052624244113476,0.005356510487147,0.0032662511394682,0.0025689369855561,0.007052416211216,0.003493303225789,0.0012416332400214,0.0041424803176642,0.0014489928918727,0.0021794643927122,0.0025743229505393,0.0017894868656511,0.001471883243051,0.0052908690389149,0.0011172511111919,0.0013783021014688,0.0024593662604302,0.0004150559265138,0.0006000301614039,0.0023457560615669,0.0046721563114757,0.0040462061935904,0.0004468667821956,0.0022950943284442,0.0008336463925479,0.0036048936877836,0.0025738180163221,0.0084497375015316,0.0062754907623968,0.0090943701854522,0.0065020379145004,0.0015318021034886,0.0020788141720896,0.0030341497109756,0.0093700642680271,0.0007814698567737,0.0014405773215865,0.0174737535193914,0.0062337495337774,0.0016009780912409,0.001157309225754,0.0014589232648103,0.0003872845445695,0.0002474177664133,0.0007476392642233,0.0015259112042883,0.0021483267826534,0.0013506990309302,0.002721763741953,0.0071759567830169,0.0065181958094499,0.0010637280841718,0.001077024685224,0.0045035082829408,0.0012409599943985,0.0018300499144304,0.0009750279733556,0.0015567121915356,0.0009164556041638,0.0051124589488481,0.0073212095261562,0.0078059463746396,0.0070987018477899,0.0009989281929683,0.0028003651684258,0.0008999610864029,0.0014404090101808,0.0014739029799197,0.000787360755974,0.0056256404248987,0.0032495883103016
sub-20823,ses-1,0.0114181224811399,0.0007451632425875,0.0014910670200746,0.0232726051517902,0.2692814460276874,0.2981393505249745,0.003990372305772,0.0001742108350993,0.0014518186704029,0.0049908349549504,0.0045739138065511,0.0024389516913909,0.0026244556837071,0.0097993131909074,0.0032091079868355,0.0010243448996862,0.0051750430111926,0.0025093025068402,0.0052213264424092,0.0022401180708843,0.0012942698705415,0.003364990583173,0.0034271955147282,0.0015038412470903,0.0016441726105391,0.0030411916983816,0.0004346939859864,0.0007172080501327,0.0015423490618626,0.0061908717595349,0.0035690079479759,0.0004983799873405,0.0024182167142059,0.0007407200331907,0.0025294820828506,0.0055288335594124,0.0066263062804209,0.0054651475580583,0.0097063760610245,0.0053585105325353,0.0025107835766391,0.0020168467986953,0.0019594553439867,0.0069669523341752,0.0008704987743221,0.0013736922385092,0.0105787261725953,0.0090202704766693,0.0022980649267675,0.0011896693159919,0.0015349437128679,0.0003658242403361,0.0004358047883356,0.0008327314944494,0.0015619732366984,0.0019844483968437,0.0015095803925612,0.0021608808366415,0.0053094500954456,0.0048293983468669,0.001874478964273,0.0007318336143971,0.002509487640565,0.0018309725389294,0.0021044150505572,0.0011626397921614,0.003026751267842,0.0006348235425671,0.0034808842949394,0.0101307025584184,0.0128090321560618,0.009142643868806,0.0014171986638528,0.0021164487426735,0.0010406366674744,0.0014314539606675,0.0016445428779889,0.001537535585016,0.0055586400891159,0.003455150707183
sub-20836,ses-1,0.0088708829415852,0.0011299519897041,0.001534841263492,0.0499669695592436,0.2224269181847685,0.2947979937893688,0.0022286377240122,0.0001989512005368,0.0013809553919618,0.0061217232003649,0.0058008510709653,0.0018082026584351,0.0028621724073724,0.0097582157762887,0.0035378029988356,0.0032988519520099,0.0048504617100161,0.0018506479101739,0.003137280520494,0.0022405154076263,0.0020127433571434,0.0022700349448438,0.0040677572942077,0.0010852360043332,0.0015447975571098,0.0023124801965826,0.000481919545462,0.0007147570786627,0.0027547492393915,0.0052260061184044,0.0055603279777789,0.0005165045653973,0.0025196409725587,0.0009231405573637,0.0035764054705815,0.0032929131102028,0.0069079210525304,0.0069166546434232,0.0075928092503399,0.006667397959344,0.0014038374001008,0.0016233998751445,0.0029769317917031,0.0055922929204464,0.0009765901336274,0.0008501277375003,0.012701261235328,0.0118497361232847,0.0019592937808797,0.0009325728355279,0.0015034003362781,0.0006536219424134,0.0005213953762972,0.0014609550845394,0.0019524815799834,0.0033325636128559,0.0012688160848988,0.0026539636004892,0.0092790909799123,0.009439789052339,0.0007427045695195,0.0011620916041894,0.0033428692501094,0.0014366757018575,0.0016785961695867,0.0011442750787682,0.001310737321184,0.0009018305955854,0.004327668959176,0.0066651272257119,0.0087370843291082,0.0074846873950877,0.0018775473701236,0.0022305591140086,0.0009343195537065,0.0012639252739989,0.0012043621841103,0.0013772872837868,0.0059058288334961,0.0050562251114493
sub-20842,ses-1,0.0098693854303822,0.0014263705355107,0.0016730002630335,0.0443780915742091,0.2357438766492767,0.2882920309605188,0.0026856508611917,0.0001545012214179,0.0016817744064721,0.0051240997681146,0.0065577185090746,0.0028700986156499,0.0028647578326873,0.0086446294517094,0.0041288067145849,0.0029647067709874,0.0055895108548552,0.0024855622423429,0.0022919588599488,0.0018862500970401,0.0017920234262,0.0026890842216676,0.003790239223206,0.0015024766927277,0.0014978988787598,0.0015070545066957,0.0004461461196255,0.0008762698903632,0.0021990673848493,0.0061604024051071,0.0039577109175331,0.0004551110053127,0.0027733922955772,0.0007530503977261,0.0040982879547986,0.0035848098213946,0.0062656921263697,0.0079659685309623,0.0083768273345849,0.0057039562040537,0.0013027695583763,0.0017574990791917,0.0032126716942508,0.0067126012149899,0.0009071701346468,0.0009733576949333,0.0104643105039658,0.0102083344062584,0.0036710253177908,0.0016951263638786,0.0010263840400619,0.0007925340431996,0.0004886816410776,0.0014462077293718,0.0025639573065439,0.0034407994236532,0.000918996154064,0.0032857259754892,0.0085633732537785,0.0069950904852616,0.0017904974882106,0.0008119897525634,0.0033076613340856,0.001609101609731,0.0020539125336159,0.0010157024741367,0.0016516371311831,0.0009588612840348,0.0045717102159831,0.0063185277292497,0.0104585882365058,0.0081610978513457,0.0022810865517749,0.0018017512808818,0.0009029738051762,0.0009588612840348,0.0018137680425477,0.0008209546382506,0.005731041603364,0.00599293071078
sub-20846,ses-1,0.0080716994329997,0.0012935010807252,0.0016461174771579,0.0517092227947931,0.2084826257937937,0.2709020451942425,0.0025328271124871,0.000108541529195,0.0011030269686456,0.006184187126362,0.0053918531063647,0.0034660545460427,0.0035744046439694,0.0140723039729454,0.0034683517212638,0.0019893537414379,0.0048648428243999,0.0019313500671062,0.0028303113036143,0.0015170928022417,0.001963510520201,0.0028257169531722,0.0030577316504993,0.0011769194382564,0.0015948138972209,0.0025192354924291,0.0006885782725127,0.0010498090760244,0.0030826177153941,0.0078358561103042,0.0050135849199635,0.0006164086843177,0.0026210769272295,0.0009992712211611,0.0031940307136155,0.0023364186310864,0.0096360757585416,0.0089943981467921,0.0075540692831875,0.0056531567877603,0.0025108125166186,0.0014935467562258,0.0025827906735451,0.0076270045964561,0.0011214043704141,0.001230328762146,0.0109940891767249,0.0092832679308404,0.002403419575034,0.0018798550559008,0.0015036926134522,0.0004996356105805,0.0005595535975965,0.0014181228364677,0.0020004567550064,0.0031785247808734,0.0012935010807252,0.0038900748055967,0.0069740325398698,0.007709128610609,0.0023488616635338,0.0005321789262122,0.0035908677330536,0.0017031639951476,0.0020492717284539,0.0013174299892779,0.0012854609674515,0.0008583778076027,0.0050786715512269,0.0066440050331109,0.0102710532758962,0.0106387927425343,0.0016411402641789,0.0016688977981001,0.0008001827020025,0.0017031639951476,0.0014531547585888,0.0013796451515149,0.0084482447379851,0.0066671682165899
sub-20849,ses-1,0.0078515802136167,0.0010434234241595,0.0015397876905375,0.0497762554042054,0.215939810865345,0.2909039994741101,0.0022653002938818,0.000140385853117,0.0017394104314116,0.0060898863134563,0.0058267556866483,0.002682186855056,0.0029471744375931,0.0140439704833172,0.004058933832582,0.0023449636946585,0.0044745205247459,0.0021299282212332,0.0050722745739307,0.0017345823465161,0.0014669950259583,0.0019982700600428,0.0027596219089579,0.0010694208043663,0.001629850043397,0.0033954435505884,0.0006885591843359,0.0005483590267917,0.002017582399625,0.0082667955146348,0.0045209444179725,0.0005849410546542,0.0024346546563721,0.0009405480767695,0.0041818643018459,0.0028795812490552,0.008106168844071,0.0079847239393904,0.0097700011773099,0.0053649307968308,0.0014489825553864,0.0017813776308884,0.0022359603933626,0.0108271660738644,0.0011011747473333,0.0010943040111357,0.0118572194167747,0.0093079905919194,0.0025934243712069,0.0018031040129184,0.0013914169277855,0.000731826252823,0.0007782501460495,0.0010586504611378,0.0024600949498603,0.0025392012639183,0.001323266652529,0.0036676732604688,0.006373443453284,0.0043127796807447,0.0013641196785683,0.0006997009187102,0.003528772971935,0.0012961550988847,0.0010515940293673,0.0007509528968323,0.0012053499637336,0.0004679528437234,0.0036678589560417,0.0087642739544503,0.009166490565365,0.0074462067779626,0.0018582555980715,0.0020576926433727,0.0009333059494261,0.0014344983006998,0.0020803475032673,0.0013535350309127,0.0086755114706012,0.0052640981007428
sub-20855,ses-1,0.0076125337278793,0.002494460309632,0.0019067756984045,0.0432787879324822,0.2330546507312588,0.2642950590194822,0.0030081183165641,0.0002045575581458,0.0012283297452086,0.0041291488613979,0.0072859110243529,0.0026933083690423,0.0026887801459072,0.0101892895710099,0.0039921208917449,0.0021967788583168,0.0047674314441783,0.0023460133425079,0.0030555662198491,0.0024710316768896,0.0018780313254601,0.0028031669998848,0.0039350259043895,0.0011800943248566,0.0018772438083931,0.0018292052673079,0.0007451880246217,0.0010763389512832,0.0024318527028077,0.0060150553575278,0.0052594327317687,0.0006595455435885,0.0028565212811721,0.0009861682471149,0.0039466417811273,0.0029880366313563,0.0067442961615433,0.0076885291248421,0.0132986038306798,0.0056541756615881,0.0020233282243163,0.0010690544184137,0.0030406033955767,0.0091001534673884,0.0011940727527954,0.0014657661409005,0.0132367837409226,0.0079188778669312,0.0020542382691949,0.0015080951832502,0.0023777109044535,0.0005077516289298,0.0004055712894902,0.00113697776544,0.0018861033753965,0.0035522926098414,0.0014015834999424,0.0033178094031506,0.0083073206602149,0.0058126634713161,0.0018142424430354,0.0007229406674797,0.003905494014378,0.001625435226229,0.0022493456225371,0.0013785486257334,0.0020408504790564,0.0008036611668443,0.0041399772210688,0.0102808384300453,0.0086676097183543,0.0086463467575461,0.00203277842912,0.0019575705492242,0.0010277097723977,0.0012423081731474,0.0015494398292662,0.0016604797357092,0.0062806454883639,0.003866511919563
sub-20860,ses-1,0.0127365927310885,0.0019809584714705,0.0015023471886519,0.0372071963772807,0.2098404351070834,0.2539867831687484,0.0046522725289531,0.0002448992709364,0.0015397736553067,0.0060401028658299,0.0059951504249022,0.0030502570323618,0.0042348860638686,0.0108858132740693,0.0014138661397671,0.0017330081298828,0.0048839504937344,0.0016717833121487,0.002126799648598,0.0024508233517556,0.0014836339553245,0.0024164479557521,0.0045283990605143,0.0012727032709714,0.0015306204433531,0.0027463703955021,0.0007129335088309,0.0011488298025326,0.0044352397032976,0.0078813223014754,0.0047193960832795,0.0007770059925061,0.0024219398829243,0.0008892853924704,0.0021304609333794,0.0023257294550564,0.0068384663528945,0.0087132475657032,0.0113990033576015,0.0061273634864543,0.0015639788158062,0.001611575517965,0.0031688419783386,0.0068895209351246,0.0009082020305078,0.0016223559675992,0.0132689028573683,0.010192203212696,0.002530354593397,0.0017472464595884,0.0021135783424428,0.0008024315812661,0.0008443329515426,0.0015950997364485,0.0033152933695963,0.0036909818691143,0.0018001316842093,0.0048040124426729,0.0060608501462581,0.0070111569517526,0.0016823603570729,0.0008571474482777,0.0060350177480779,0.0009283390968057,0.0017860967592137,0.0013668796517385,0.0025053358140571,0.0006765240657265,0.0034021471808005,0.0090822237097886,0.0126350937807586,0.0151953488665374,0.0016634437190354,0.0021585307833705,0.0010857743424078,0.0020537773576792,0.0027697619371613,0.0020653714261538,0.0083261684024207,0.0059518252216551
sub-20865,ses-1,0.0125860206135651,0.001052466409931,0.0015300125080136,0.0391828097750799,0.246445706702771,0.288683699682144,0.0027090833284765,0.000148123573795,0.001633304491677,0.0047134140600832,0.0063040388779549,0.0033005016654935,0.0029081355886611,0.0126828568482495,0.0022340477994413,0.0018601523377432,0.0055141062598349,0.0019987716144303,0.0045340876995566,0.0017156152911587,0.001334367448679,0.0023552724191574,0.0031496881962906,0.0011622141425734,0.0013971316748633,0.0035865272105336,0.0006355326217065,0.0004588961565877,0.003048010149872,0.0077558650927789,0.0040034609987581,0.0005542977803879,0.0036370972442021,0.0007052905759514,0.0015630085583505,0.0048201132445966,0.0063338070538023,0.0065667519961265,0.0099242794442676,0.0049845555171996,0.0017729997265273,0.0021850917030176,0.0026246206126685,0.0075699036569128,0.0008345848818911,0.0010660952133311,0.0082649726303142,0.0070697624374038,0.0027243260691213,0.0019756385139224,0.0014505709303003,0.0008182661830832,0.0004318178761482,0.0009441532881729,0.0031697727486696,0.0026246206126685,0.0014746006626109,0.0044878214985407,0.0073955984344808,0.0040954554217083,0.0012034592054945,0.0008089412123358,0.0046811353151884,0.0008620218150517,0.0015549388721268,0.0007850908063858,0.001620034340998,0.0004006150894166,0.0038458331278552,0.0088393549630811,0.0092980717933084,0.0078622056245712,0.0014338935787713,0.0024700412898945,0.0010560529371416,0.0012000520046445,0.001586320985219,0.0011735117032866,0.0068918706877614,0.0056037694400982
sub-20866,ses-1,0.0087143190866641,0.0012883075755229,0.0014605662450822,0.0376528069203104,0.281578670792695,0.3051082041137695,0.0026216574835736,0.0002093903415355,0.0017217794853324,0.0055610329256221,0.0064718889834042,0.0039822910984242,0.0027202985773887,0.0099144793017566,0.0034503395368518,0.0012883075755229,0.0043159918200541,0.0032043018494962,0.0082309615827649,0.0018473814018433,0.0015500051419293,0.0020964864881881,0.0032398191009518,0.0010537322738644,0.0012668357825976,0.0022162764908245,0.0008110848696024,0.0009182823921772,0.0019353673202217,0.003077892722725,0.0033558959363905,0.0004387994975277,0.0023904724650086,0.0008139908265397,0.0041879682727621,0.0026738032663924,0.0091192157532571,0.0065961993634985,0.0097517457132695,0.0049134888547672,0.0025285054195289,0.0015420944813779,0.0016207167607362,0.0148886703681024,0.000682092669998,0.0012345473721835,0.0084280823283431,0.0061473904587424,0.0022706824623722,0.001295411025814,0.0014318295598137,0.0003740612346474,0.0001640251249036,0.0003998919629787,0.0009552526221014,0.0016187794561114,0.0013454580619559,0.002295383096339,0.0075257826993207,0.0065036930676621,0.0011457542435446,0.0009694595226836,0.003640841158295,0.0013007386135324,0.0011788498642191,0.0013977652868268,0.0012006445412486,0.0006341443805331,0.0018310757545841,0.0070203076342879,0.0043702363495498,0.0045570248037954,0.0010753655088419,0.0021526683223087,0.0010556695784893,0.0011617370066996,0.0010353278799284,0.0008469250051621,0.0039619493998633,0.0029747312514519
sub-20902,ses-1,0.0130390475936622,0.0018702358191729,0.0013653868863901,0.0376306627589711,0.248631038571341,0.2735891105144322,0.0038070199067582,0.0003671628602057,0.0017009525581454,0.004866320062573,0.0067455584326452,0.0033510671818008,0.0028868179883676,0.0092081974051117,0.0029681939876728,0.0038112564012991,0.0035358842561448,0.0013717416282013,0.002921062985906,0.0029745487294841,0.0017166628920677,0.0024905292281936,0.0049049780752581,0.0011166693527218,0.0021618478600671,0.0033545975939182,0.0006864886362212,0.0011152571878749,0.0028864649471559,0.0075808539396133,0.0038410883836908,0.0006174690793267,0.0027780812951528,0.0008907229772106,0.0021643191485493,0.003383017411463,0.0083033527794316,0.0065019599965472,0.0100563789163082,0.0049432830467315,0.0023163033902018,0.0010439428631042,0.0026428665110578,0.0118849558724963,0.0017396105708305,0.0009841023777149,0.0124397601367399,0.0078652286356669,0.0027231833867278,0.0019173668209397,0.0020379303947477,0.0006240003417438,0.0002681348003137,0.0014615906165882,0.0019869159396518,0.0029830217185657,0.0010970755654705,0.002460520725196,0.006417936188154,0.0046940359512457,0.0012693596767978,0.0005269140085164,0.0038200824315925,0.001568915144956,0.001967851714218,0.0013175498021998,0.0017685599501929,0.0006487132265654,0.0036324410275546,0.0069653265869511,0.0058825491905559,0.0074534060621765,0.0021187768322353,0.0021715564933899,0.0009475626123002,0.0017609695641406,0.0016215182855047,0.001119140641204,0.0056700183810906,0.0035358842561448
sub-20916,ses-1,0.0079208576465076,0.0014498569157601,0.0023699300495262,0.0451852128691561,0.2521675729706675,0.2848169738002905,0.0042041752600808,0.0001791626465716,0.0018057234351626,0.0064264149669163,0.0056387877786487,0.0044889012592527,0.0033457353880813,0.0091122154829965,0.0038392932369625,0.0024405788150087,0.003205585284862,0.0015873843269893,0.0027215346944449,0.0026041692278893,0.0021773261065055,0.0013351141411945,0.0025636814202926,0.0011274297192309,0.0014313341535802,0.0043541604582629,0.0008605708092414,0.0010280952601071,0.0031449355325917,0.0063829766308308,0.0039096141659462,0.0007543517836436,0.0021411001733927,0.0008254923038742,0.0012967572708398,0.0028956158752857,0.0080041281171923,0.0050598285218409,0.0091317217546727,0.0048111645375325,0.0020478306894958,0.0013775689677838,0.0029439717588526,0.0110749726010646,0.0009036813088282,0.0011262822914853,0.0158599102186964,0.0083391770189237,0.0024850006605905,0.0021147093352426,0.0018924361890842,0.0007866436787713,0.0004353668703514,0.0009469557266643,0.0021502795953579,0.0026558034764438,0.0009444969529236,0.0029931472336664,0.0064249397026719,0.0050885142154823,0.0008507357142786,0.0004648721552397,0.0031988646366374,0.0012161094921452,0.001512473687023,0.0008533584062687,0.0013157717877678,0.0011293967382235,0.0032711525846137,0.0058769609949968,0.0063647817051497,0.0066731119322322,0.0017344189966826,0.0028474239099682,0.0009641671428491,0.0019242363294638,0.0017506469033711,0.0012343044178263,0.007010947444203,0.0045411911808047
sub-20918,ses-1,0.0129099876074537,0.0009530991523512,0.002305739414114,0.0360528116598632,0.2673853776288581,0.2820428583806482,0.0029782395083126,0.0001923909383868,0.0013111407723454,0.0072210847966533,0.0051407275468227,0.003560100550311,0.0039085920785982,0.0117533846827294,0.0038057983642255,0.0027268116393739,0.0041720009716784,0.0011531301641035,0.0026854857879876,0.0019471768800267,0.0017278720468294,0.0022649344768207,0.0046800658504868,0.0010645747682757,0.001289262380435,0.0023776255589625,0.0005387988103016,0.0010399181678687,0.0020115965895407,0.0071808007734532,0.0050393229366983,0.0006412452486123,0.0025813029693666,0.000808285034468,0.0019251248500852,0.0025325106826457,0.0074596634512954,0.0061787356963501,0.0078704910327243,0.0048073425272355,0.0016648414415637,0.0009451118029236,0.0028586029049295,0.0068852688446316,0.0010689157190515,0.0010584974371894,0.0113382161505247,0.0073474932832468,0.0023399461062279,0.0017877771675365,0.0018171219947814,0.0008487426956991,0.0005985302929777,0.0019371058742266,0.0019187002429369,0.0028240489367535,0.0010036278193824,0.0028987132900986,0.0052638369108266,0.0046845804392938,0.0014097671739733,0.0007535890546919,0.0035469040599523,0.0014901615823425,0.0015462466663668,0.0009779293907892,0.0009643856243685,0.0006528789966916,0.0038413941605877,0.0082080433650564,0.0091024528629178,0.0094893183960638,0.0014903352203735,0.0032213327517616,0.0008447490209853,0.0018607051405712,0.0013403119615593,0.0015485039607703,0.0063626183712162,0.0040094757746296
sub-20919,ses-1,0.0134957637265294,0.0011291994665939,0.0016862420675148,0.031119360626539,0.2786139891443159,0.271346941391798,0.0034252930118741,0.0001602476262865,0.0012249838432151,0.0064086303544331,0.0044556124090663,0.0027471541933617,0.0040613668284864,0.0119193277029358,0.003365382251592,0.0020422467372763,0.0044126369092894,0.0012140578686956,0.0029243370801534,0.0016898840590213,0.0015478463902674,0.0019719563012007,0.0048837285106567,0.0010365107827532,0.0013704814039003,0.0022157876325616,0.0004064462521266,0.000882636641603,0.0019113171426172,0.007257032275875,0.0044570692056689,0.0005832649397678,0.0027222065515421,0.000710916742071,0.0024417732055407,0.0034465986621872,0.0075935522910767,0.0063709357423407,0.0090986052811426,0.0049860684719897,0.0018789034182093,0.0006959845768943,0.0032377304492888,0.0109319838055205,0.0009694981390333,0.0010128378379608,0.0132643151662906,0.0074904839314424,0.0020952377136961,0.0019976323413216,0.0020637344871648,0.0007852133688039,0.0002556678037571,0.0015567692694583,0.0023560043055623,0.0027329504264863,0.0013845030712003,0.0027500677865669,0.0057454237010973,0.0046160421349281,0.0009163250630383,0.00051461339987,0.0026912496237367,0.0016376214809029,0.0013515430480664,0.0015928249853728,0.0009030317940395,0.0005259035735402,0.0026632062891366,0.0092546646171966,0.0078257292496168,0.0086269673810493,0.001823909346461,0.0024856592031941,0.000937448613776,0.0013928796516653,0.0011858324345201,0.0009918963867984,0.005909131219315,0.0033741230312076
sub-20923,ses-1,0.0102306125105953,0.0007929231093112,0.0013604344526129,0.0374732345168778,0.2436645789820668,0.3017576231419976,0.002564361811161,0.0002023858329224,0.0018941859692082,0.00554405605447,0.0049422655025124,0.0024597929120291,0.0026066048763732,0.0097896572356138,0.0029528595092602,0.0020034293058841,0.0057666977834163,0.0010941646399228,0.0025269663108092,0.0018493459942494,0.0014636183332132,0.0022182803055904,0.00343138341191,0.0012937804357822,0.0015761510889015,0.0023545315036315,0.000575821454491,0.0005604131233275,0.0027908123410691,0.0064003437615995,0.0042575469659784,0.0006739846429145,0.0021557813443543,0.0009641460252738,0.0038470620986908,0.0031867545137753,0.0085047062929702,0.0061629862107555,0.0085898849326604,0.0061235131826063,0.0009811125022852,0.0023136734569508,0.0023695935801621,0.007527921973596,0.0010946840218722,0.0012842584333778,0.0116544115610266,0.0122016670083045,0.0016788155875525,0.0012089480507249,0.0013429485936521,0.0008955876079621,0.0005448316648476,0.0013907317329905,0.0025056716508866,0.0044034932937402,0.0007593364099211,0.0036209578234156,0.0083620493842207,0.008281372054758,0.0010275106230921,0.0010908752209104,0.0026121449504994,0.0014892411760469,0.0015337348963729,0.0013990418441798,0.0014895874306798,0.0006215270660321,0.004273820933724,0.0080890276061893,0.0071666052641784,0.0083684550949291,0.0018050254012398,0.0023057096003944,0.0010136604377766,0.0014300316338232,0.0014348791986836,0.000989595740791,0.0065814349345994,0.0051290698769549
sub-20934,ses-1,0.0093312323823488,0.0012835999418538,0.0016815771510915,0.0466794677731288,0.2218520496517551,0.2969903442631239,0.0022180069775378,0.000319961825789,0.0011011031967741,0.0032758560756405,0.0063838309463917,0.0020513108164477,0.0019104881116406,0.0132323965693772,0.0029673496732439,0.0020870596377242,0.004723782090986,0.0013770208946922,0.0057452898459127,0.0016744668882961,0.0014011167852763,0.002586358091795,0.0036866712593697,0.0010874751930831,0.0015401619243847,0.0026114415188785,0.0002443165299389,0.0006517740895703,0.0023126129741755,0.0057308718130222,0.0045071165830289,0.0006065449179001,0.0024269697008001,0.0009444799079773,0.0024455353869879,0.0029203429358749,0.0057814336817888,0.008393467722567,0.010691662663852,0.009403717561401,0.0011684531860297,0.0015887487201526,0.0027834703770651,0.0103918465826496,0.0008293331521533,0.0010369133243164,0.0068479731010858,0.0068108417287102,0.0022841719229942,0.0016092894793391,0.0015919088369506,0.0007758086738885,0.0004021248625349,0.0009257167144897,0.001504808117708,0.0021156981962053,0.0012111147628016,0.0033491312838922,0.0077104874796172,0.0076777012678388,0.0019648026191048,0.0008180752360607,0.0018291151040942,0.0009908941234468,0.0015616902200705,0.0008933255173111,0.0016705167422987,0.0007260368343213,0.0035752771422431,0.009945282577644,0.0088615600232584,0.0104159424732338,0.0013175711974314,0.0026572632124483,0.0008344683419499,0.0017720354944318,0.0017256212789624,0.0006170128047932,0.0052315733589513,0.005257841829834
sub-20936,ses-1,0.0081431587597701,0.0012519329294129,0.0012550512971492,0.0341252153049488,0.2595057937438206,0.276562531527615,0.0028472531766078,0.0001190482741668,0.001129949720906,0.0041569676258398,0.0035043116019788,0.0020370278653672,0.0030547163477677,0.0119407803623543,0.0034744119583899,0.0016982263824916,0.0054538417373343,0.0022509112053958,0.0037385560489913,0.0015977048813461,0.0013764842054674,0.0019576012047905,0.004320039915107,0.0012988918788532,0.0009769662684327,0.0020827027810337,0.0003105527398529,0.0005490161549792,0.0021819402484055,0.0073826438989135,0.0039966468375165,0.0006348629844246,0.002647861074883,0.0006952125717912,0.0035714482250067,0.0029551120136034,0.0090096981236597,0.0057607258092622,0.0114697234007817,0.0059835973857072,0.001920731092144,0.0018014993845809,0.0024519542076869,0.0091806580489657,0.0008309532850169,0.0008621369623796,0.0130382623721239,0.0084733388730219,0.0020871051825437,0.0017871915796733,0.001313383117157,0.0004991222711989,0.0009070781444611,0.0013007262128157,0.0018612986717587,0.0022767753142672,0.0015445091964333,0.0028008445273563,0.0046560898970388,0.0048274166891372,0.0017571085026882,0.0008067400767118,0.0034191985061184,0.0012225835860128,0.0014258277890589,0.001034931221648,0.0017611440374057,0.0006245907142346,0.0053430479659987,0.0099171431349134,0.0103201463064768,0.0094840568863648,0.001356489965276,0.0017024453506054,0.0008465451236983,0.0012317552558253,0.0013361288582921,0.0017453687653281,0.0088225960594837,0.0043378329545433
sub-20953,ses-1,0.0152663540489207,0.0006169479545618,0.0013363653880476,0.0373114992243753,0.2347591745257679,0.2815365804496403,0.0031424565503658,0.0002012095660675,0.001078504584932,0.0055855633468272,0.0056377748317555,0.0036239032702326,0.0041291470614612,0.009434650844574,0.0018584802373313,0.0023932039826352,0.0047869407355248,0.0015413043458957,0.0037247744383935,0.0020838420549303,0.0014880273204586,0.0018659390208925,0.0034191419024693,0.0011317816103691,0.0023266077008388,0.0034079537271275,0.0004812691297819,0.0006341741927864,0.0026963502573724,0.0097399282003287,0.0046073971598017,0.0005983009956588,0.0026112846067578,0.0005432480693737,0.0063756616340596,0.0035003005712185,0.0069908336877735,0.0062149426073243,0.0081224377080578,0.0058743248246963,0.0018954189749677,0.0012349614496323,0.0019304042216714,0.0097099154759991,0.0009060646126005,0.0008693034650489,0.0107795405566916,0.0092874286642828,0.0018577698769922,0.0018137275359642,0.0015789534438713,0.0008238404033426,0.0005629605687855,0.0012802469212538,0.0018629199894511,0.0025081047674946,0.0010472487300089,0.0037032860381339,0.0057897919443361,0.0041261280300198,0.0012035280046244,0.0013088389249051,0.0040371553975398,0.0016187336228643,0.0019202815868384,0.0011083397191767,0.0015080950000399,0.0004798484091036,0.0033319451708372,0.0094483252811029,0.013321742620466,0.0102082332539209,0.0013464880228807,0.0020950302302721,0.0009616503091399,0.0012694139260816,0.002053651740516,0.0016467928562612,0.0080728900744013,0.0048453678734208
sub-20961,ses-1,0.0105385249738114,0.0011197539394209,0.0018880691822497,0.0472639579200748,0.2298869102012614,0.2954654423072637,0.0031019680388704,0.0002375019502083,0.0014134218913678,0.0061848574676265,0.00574997213988,0.0030811063810818,0.0032940022733857,0.0112278512046715,0.0037301357345042,0.0022020638776829,0.0042076359016649,0.0009753270778077,0.0029254463191209,0.0023768025497581,0.0014622773976419,0.0021063142175763,0.0040550070207502,0.0014439120065972,0.0015434060668197,0.0032351617001359,0.0005185102636681,0.0006408273341208,0.0028869324893574,0.0066190295763032,0.0054905387032785,0.0006522388392359,0.0024900260770722,0.0007098312791138,0.002975549958767,0.002094367798159,0.0078901642632669,0.006828894287561,0.0088478391690997,0.0069681503109189,0.0021150511511801,0.001511132903916,0.0024431319232397,0.0065279158401497,0.001216573428132,0.0009607060868789,0.0084448703947221,0.0096124100118126,0.0018122896560946,0.0016375509840194,0.0013454877749793,0.0007396081752735,0.0004530724140236,0.0012538391245235,0.0020144872623531,0.0029373927385383,0.0007492366327144,0.0031756079078164,0.0079950074665121,0.0068647335458131,0.0009778233445516,0.0008735150556087,0.0023964160741747,0.0011128000534914,0.0016250696502997,0.0009439454387411,0.0016682194040163,0.0007130407649274,0.0028671406601734,0.0078824971582677,0.0097814429313303,0.0105797133750863,0.0019588561749169,0.0022623308890721,0.0010505716896605,0.001451400806829,0.0016603739942496,0.001106737691399,0.0057927652840617,0.004366327144672
sub-20964,ses-1,0.0072213624893877,0.001698357474356,0.0008961805246225,0.0496026185698752,0.2206737853725324,0.2531518238365141,0.0042112814909517,0.0002548716172725,0.0016649252406088,0.0062412080600002,0.0063033526827302,0.0024279668108382,0.0045060751285223,0.0084620916818045,0.004994972382025,0.0025967012611621,0.0057515241657035,0.0011355159862125,0.0033333903647909,0.0021571657174862,0.0021508725911338,0.001475541469441,0.003026207134714,0.0012995305917721,0.0010900874803561,0.0044030251845016,0.0009909707403056,0.0012185065899849,0.0031506930403725,0.0076756475479521,0.0045275110901602,0.0008702213784188,0.0028828418499982,0.0010800578102319,0.0023394697215075,0.0025908014552068,0.0081887340058718,0.0089863877710395,0.0100654622802789,0.0060014792780132,0.0019902012089489,0.0017131069892444,0.0030429232515875,0.0104192539774033,0.0009774011866083,0.0014543021680016,0.0119170180492763,0.0082748711728204,0.0028124374989306,0.0019211734792709,0.0017357229120734,0.0007276427344971,0.0005205595454632,0.0015174300917242,0.0036122545262819,0.0022975810992243,0.0013738681468099,0.0040224877003795,0.0082577617355498,0.007650671702741,0.0012122134636325,0.0004888972535026,0.0022297333307374,0.0013744581274055,0.0021734885139627,0.0008889040972775,0.0014216565750485,0.0005593016045702,0.0040830590415214,0.0105343001935333,0.0097688987009217,0.0119079716801447,0.0019064239643824,0.0025380965220053,0.0008236129113713,0.0018853813231416,0.0019386762369385,0.0008472121351928,0.0081889306660703,0.0072858670344999
sub-20966,ses-1,0.0106303858931152,0.0012647962218347,0.0014686048752582,0.0395946813147746,0.2167585407004772,0.2782597882200815,0.0030526951615677,0.0001553971691107,0.0013904443490586,0.0073624259253476,0.0063143727229741,0.0031027696357996,0.0045856023136993,0.010259539141147,0.0016478382332099,0.0032127117471205,0.004533495296233,0.0020029789692751,0.0028318870556375,0.0024833982792488,0.0018348322107843,0.0015046363235062,0.0032962307963929,0.0016894129811884,0.0016879347679269,0.0031267906012983,0.0005890679846908,0.0005883288780601,0.003376423865827,0.0105960174347863,0.003629937440167,0.0005931330711598,0.0022030920895449,0.0011450609476566,0.0052517221646437,0.0033065782892231,0.0059366892346717,0.0075163448811969,0.0087883473926812,0.0054747475904661,0.0021055300142887,0.0020650639262563,0.0025628522420522,0.0061092706329468,0.0006530007082489,0.0012520466324546,0.0097621203786665,0.008896626514083,0.0022047550794641,0.0015203423394092,0.0014717460784387,0.0007762467389229,0.000559318942804,0.0012474272160125,0.0026225351024836,0.0026674358303003,0.0015229292126167,0.0043562944815157,0.0080026770442165,0.0096963398885316,0.0014128023246381,0.0006254689862542,0.0035510378073367,0.0014868977643687,0.0016086655817813,0.0008582875749338,0.0022132548057175,0.0008004524810793,0.0036297526635093,0.007375545068043,0.0129971901013666,0.010054252274462,0.0021212360301917,0.0028797442099772,0.0012232214738562,0.0016888586512153,0.0016184587446384,0.0008054414508367,0.0078031182539197,0.0055118876986603
sub-20968,ses-1,0.0133300107761449,0.0009682430963899,0.0008219479168161,0.0385650542814614,0.2544123921116799,0.268048117814518,0.0043969051219762,0.000288565491767,0.0009290443879874,0.0058026338032161,0.0046313973954558,0.0024567440502835,0.0038071745535984,0.0093390922769094,0.0023596222504468,0.0014160533410424,0.0039179459036824,0.0013261063047972,0.0019065621787762,0.0016610452685584,0.0014566520033164,0.0016060970791012,0.0039382452348195,0.0012643333402164,0.0012629333863449,0.0041244390997316,0.0004502601639275,0.0005678562891352,0.0036082061096086,0.008372249134391,0.0038383235272397,0.000734800788314,0.0028072575008653,0.0009999170527331,0.0025419662422123,0.0028895047908171,0.0066496058954857,0.0083958733559729,0.0101669899976795,0.0059622285445694,0.0013283812298384,0.0013346810222603,0.0025332165305153,0.0071145655750643,0.0007778493698632,0.0012781578846976,0.0134008834408906,0.0076834718296032,0.0018265898138656,0.0020491824794373,0.0021361546137054,0.0006922771894666,0.0007295509612958,0.00134133080315,0.0039842687183457,0.003064674018991,0.0011014137084183,0.0039758689951166,0.0074015561187258,0.0068368497258015,0.001140087434119,0.0002854155955561,0.0041345887653001,0.0011794611367555,0.0016598203089208,0.0012631083805788,0.0012051852891447,0.0006480036482797,0.0038832970453623,0.0084672710034204,0.010054818693724,0.0088046598864567,0.0020392078081027,0.0029724520577046,0.0008282477092379,0.0015999722809133,0.001927561486849,0.0013299561779439,0.006619506887248,0.0054342709407725
sub-20976,ses-1,0.007849949962257,0.0015548790748821,0.0015801211758217,0.043750055807366,0.261597457519433,0.2827329948945704,0.0032404332437439,0.0002143002855276,0.0022082545447801,0.0057481587003511,0.0054916165316185,0.0032033428097102,0.0026645012263883,0.0109811724835685,0.0033987544482763,0.0026162493191501,0.0039370808866811,0.0019070664832292,0.0028672966087666,0.0016525848941651,0.0013292456011775,0.0016713018261543,0.0042018653740879,0.0014202545365378,0.0011097938664785,0.0022274866216865,0.0005620231045929,0.0010721882875277,0.0025722902862213,0.0047868982849795,0.0044530843786768,0.0005522353511674,0.0022355572253882,0.0008613223014476,0.0027331872153395,0.0025501390547846,0.0075267823842417,0.0080669976873427,0.0106054601240056,0.0047765953866368,0.0013764672185814,0.001030976694157,0.0023588485755556,0.0091027824007264,0.0011862070291867,0.0010895314997379,0.0163769720606002,0.0073852892470023,0.0017719267999678,0.0013326799006251,0.0015555659347716,0.0006274465090689,0.0003307230367998,0.0014820719265939,0.0020293275435623,0.0032921194504296,0.0011072181418928,0.0023974844443406,0.0054651724258723,0.005045672748353,0.0009875328061454,0.0005644271142062,0.0055487976174204,0.0012035502413969,0.001856067136433,0.0011051575622243,0.001659796923005,0.0004674081548127,0.0033692194730273,0.0065466333219085,0.0075652465380544,0.0076133267303202,0.0016460597252148,0.0017588764620671,0.0010129466220574,0.0021445482900279,0.0013192861327796,0.0013084680895198,0.0060768211574825,0.0030506881992662
sub-20983,ses-1,0.0032393345527813,0.0007460778911347,0.0010243121915457,0.0225411985718712,0.250499193934432,0.3144119941591898,0.0016742289322675,0.0001697138798823,0.0008895660027226,0.0020908267688527,0.0032559140614732,0.0013420358672047,0.0013691659723369,0.0080323197927983,0.0004961794783061,0.0014258377475019,0.0132171843291689,0.0010583755457672,0.0019183998784571,0.0034491406991367,0.0010975634754026,0.0022994271327578,0.003504908137464,0.0014599011017234,0.0013700703091746,0.0022551146277086,0.0017571264757269,0.000910064304378,0.0020217957235719,0.0061193459353676,0.0029128689543575,0.0006598644459369,0.0015310422662922,0.0007174405579396,0.0037825395466499,0.0039724502825751,0.0049687280321509,0.0058848212487806,0.0074369647079534,0.002540282177209,0.002243358248818,0.0024435181355709,0.0038609154059206,0.0050468024458091,0.001352586463645,0.0012588368781327,0.0046392479776013,0.0107947673864785,0.0034183932466536,0.0011876957135639,0.0017803377878956,0.0005624975130736,0.0004045400120819,0.0016772433883933,0.0016893012128965,0.0035217890917684,0.0013830324705156,0.0036393528806745,0.0084166629488374,0.0055188662751089,0.0017975201878126,0.0010761608369094,0.0041976301551721,0.0017815435703459,0.0015789721186924,0.0007894860593462,0.001530439375067,0.0002758227355104,0.0044710413257819,0.0044595863925038,0.0156148827316277,0.0102217192769646,0.000461814678472,0.0025848961278708,0.0006863916598439,0.0013516821268073,0.0018490673875638,0.0002167393954447,0.0053340801145975,0.0052011425994499
sub-21023,ses-1,0.0138434819399278,0.0010145031709773,0.0013639140436154,0.0369303059571934,0.2404670513242655,0.3094179001519954,0.0023464888546282,9.496640399723418e-05,0.0019834879621077,0.005684066749593,0.0040968179214048,0.0031150617862885,0.0034626715719543,0.0092706858522817,0.002896147851557,0.0034664374810783,0.0049541353202488,0.0012558488252737,0.0035098273035943,0.0027409269015753,0.0018953984356413,0.0022862343086437,0.0051100112109477,0.0010375898312594,0.001677139441627,0.0026010970584483,0.0004884220398685,0.0008280088017482,0.0025647478486425,0.0060213612189625,0.0036447450913421,0.0005927213490861,0.0027838255185534,0.0009038181897667,0.0036955029969268,0.0027474763087475,0.0068606677480829,0.0064775274285079,0.006484568041218,0.0045210557709855,0.0023361735383319,0.0016062421089877,0.0023098121744637,0.0052126731683723,0.0011924833108825,0.0011240420059327,0.0119394055397833,0.0102065961371923,0.0024173861872675,0.001181513053869,0.0016555263979586,0.000516584490709,0.0005133097871229,0.0012196633506472,0.0017897892449892,0.0035427380746347,0.0012912156240037,0.0022457917193552,0.0091303648036168,0.0074116366264462,0.0009291971425591,0.0008617382486852,0.0038615304687427,0.0011928107812411,0.00150194279977,0.0012104941806061,0.0015260118711279,0.0007859288606667,0.0031363473595983,0.0040368908457789,0.0077222422615888,0.0072428256565821,0.0021418198804962,0.0021473868765926,0.0012075469473786,0.00173772145797,0.0015890499151606,0.0015210998157488,0.0070103217019682,0.0037966913377377
sub-21035,ses-1,0.0087366901290994,0.0006924274602134,0.0011062819190813,0.0378166854369688,0.2609178811292513,0.3219965691910365,0.0025721277121039,0.0002207223780629,0.0014564116913795,0.005578580103622,0.0046972926086305,0.0016698359908129,0.0037540604462472,0.0083263957085873,0.0023328931345906,0.0015190683664425,0.0046834084590427,0.0011660905634597,0.0015877771067105,0.0018058294560065,0.0016531038105404,0.0023592374184239,0.0038362973322674,0.0015005561669921,0.0025966919767593,0.0021456351170727,0.0004298746314692,0.0006691092089826,0.0015155083280867,0.0060502851857725,0.0040685898349868,0.000642942927067,0.0022931987069228,0.0006958094966515,0.0020317138896854,0.0035221239473634,0.006009522746598,0.0047446411187634,0.0058982715479776,0.0038311352766514,0.0018747161981923,0.0010252910464857,0.0038149371021323,0.0059518501252332,0.0009416301451231,0.0011742786516781,0.0096448559136776,0.007684520793027,0.0020425720066707,0.00155555875959,0.0020626862233813,0.0008907215966344,0.000861885285952,0.001429355399875,0.0016509677875269,0.00337562836902,0.0014090631812467,0.0027273453844191,0.0049399092225819,0.0051106130617451,0.0016128753771193,0.0007497440777426,0.0030675070493209,0.0010530593456613,0.0014763479061723,0.0010477192881276,0.0010740635719609,0.0003997923073623,0.0043322106752378,0.006772794970093,0.0089497584246972,0.0090570935811262,0.0011351182297638,0.0015751389705472,0.0008294889369138,0.0010696135240161,0.0016005932447916,0.0010357931596355,0.008925016158124,0.0045766073083671
sub-21038,ses-1,0.0098296283836305,0.0009926562888607,0.0014654216340709,0.0404605965429935,0.2443985524223647,0.3041746068827859,0.0025008431457158,0.0002648089677498,0.0014441228760568,0.0046634217645467,0.0058205983810596,0.0027633042188814,0.0033799619607536,0.0091710439527543,0.0019135340861466,0.0013357843116702,0.0047883632977789,0.0020471963706916,0.0038849270031188,0.0021775045201163,0.0012906711943018,0.0017637719530239,0.0034104845903485,0.0013104605915117,0.0017610886449277,0.0034931640210646,0.0004328511372782,0.0005420282354448,0.0023802619881401,0.0062215852346947,0.0037349971632402,0.0003998129063429,0.0026796185476293,0.000615316087824,0.0039855510567286,0.0031726764103173,0.008214947736705,0.0067305752392043,0.0070856104416909,0.0065521352508029,0.0012178864621907,0.0018223016108737,0.0024699851026088,0.0085235281677751,0.0008962249041513,0.0008799573488178,0.0166165530928563,0.0077468781806634,0.0022092010970034,0.0015628592593164,0.0014686080624352,0.0005918371419817,0.0003892473807139,0.001180152442087,0.0016846143641842,0.0033236124907321,0.0009089706176086,0.0027433471149155,0.0068389138035909,0.005722993049058,0.0010630931263876,0.0009294308418426,0.0053179812332785,0.0018207922500695,0.0014820246029165,0.0010686274493362,0.0013891150600834,0.0007763145735997,0.0044760933180764,0.007383457640376,0.0106627955475197,0.0088990235944957,0.0016421845549121,0.0026953829826948,0.0011509714665402,0.0012859754051334,0.0018110652582206,0.0009842709510599,0.0075912463110802,0.0034861203373119
sub-21050,ses-1,0.0116076860959461,0.0006814509508527,0.0007556940410239,0.0262189396714674,0.270398060349723,0.3086622172645522,0.0027091867668018,0.0002157165761647,0.0014886730503528,0.0052555570648093,0.0059892983235239,0.0030032625798208,0.003160743302915,0.009632393037736,0.0023445266606631,0.0015098635832764,0.0036188551837455,0.001435468043228,0.005706656251291,0.0017627779294654,0.0012398748508468,0.0014658055687805,0.0040170542628568,0.0010302562697679,0.0013543647085851,0.0033128882803089,0.000545008310805,0.0006796215523269,0.0017152135677951,0.0055490230783197,0.0026671106007089,0.000593334921861,0.0020621894881846,0.0008433527203842,0.004163253695042,0.0026852521360895,0.0056770809751242,0.0055362172886392,0.0065655588591443,0.0052143955979793,0.0014914171481414,0.0018298558754106,0.0019911478454335,0.0104290960957129,0.0007683473808272,0.0014856240528098,0.0184526855799033,0.0082370193121979,0.0022021384754067,0.0014688545663235,0.0019832204518217,0.000648826677143,0.0003236510891857,0.000931621199253,0.0018650717970318,0.0026338765274906,0.000737247605889,0.0025620726353537,0.0065483320230266,0.0069158886768311,0.0014200706056361,0.000770176779353,0.0028989868638514,0.0023475756582061,0.0012689927773821,0.0018063785943298,0.0016168833970345,0.0009720204166973,0.0032830081043879,0.0064134138817504,0.0061479986456352,0.0064745462824868,0.001508491534382,0.0032863620016851,0.001068368739055,0.0021137175466607,0.0010258352233306,0.0010422998100626,0.0067635912495599,0.0028438000083237
sub-21088,ses-1,0.0083856725535054,0.001039616085274,0.0010583316942179,0.0348371265133774,0.255628584421523,0.3081298265800877,0.0026750723745194,0.0002233276028778,0.0022991405756381,0.0038935664914297,0.0051332956261801,0.0022730466977837,0.0024647017316797,0.0107963869516933,0.0041467670855063,0.000962594156159,0.005042057032579,0.0021810882730693,0.0049137471366467,0.0022244580976411,0.0017547682962623,0.0027945643393147,0.0033666501165496,0.0010433951986185,0.0024386078538253,0.0019937522258527,0.0004176820034483,0.0007808368000699,0.0028172390193812,0.0052265137553427,0.0033243600386477,0.0004419763035196,0.0021375384907193,0.0010018249518298,0.0039281183848645,0.0049830308812946,0.0061259427313163,0.0054404835537486,0.0088056940080718,0.0067491365175902,0.001765745720739,0.0019449836679318,0.0022411941710235,0.0104859597841154,0.0006345311263071,0.0010164015318725,0.0086755845343565,0.0070505657962528,0.0034380933545371,0.0016764866626991,0.001838088747618,0.0003350813832058,0.0002389839295904,0.0008663167447653,0.0018722807254961,0.0023102979578931,0.0008555192780669,0.0021710106374842,0.010097071025196,0.0061079469534857,0.0016637096604394,0.0011022413921245,0.0029172955441194,0.0009881481606785,0.0015013877444074,0.0013057736393887,0.0019287874678842,0.0012523261792318,0.0034265760567255,0.0078733327586681,0.0080802842037201,0.0093347698762916,0.0018177535186694,0.0025796947520172,0.000969612509513,0.0014601774131753,0.0012622238570386,0.0009332610382951,0.0046094385335312,0.0034269359722821
sub-21095,ses-1,0.0079701648280271,0.0017177608303138,0.0023017021890607,0.0317964532755936,0.2169790682411643,0.2742857191216675,0.0031014479629967,9.859299752755845e-05,0.001246799430107,0.0071141406477771,0.004845655412819,0.0036159933921534,0.0032982108121397,0.0151773975764741,0.00344292671409,0.001740399136613,0.0050860022909119,0.0024485338205717,0.0030282437201973,0.0019066954800823,0.0013536437729212,0.002849252999364,0.0041540234194336,0.0013136564842244,0.0016657138831211,0.0024127779909963,0.0011786729382532,0.0007254836663562,0.0027716057244871,0.0069933324898624,0.0054522350778651,0.0006429702134898,0.0022591760248911,0.0006484711103475,0.0032715526196751,0.0047256935467286,0.0057059110521903,0.0073305797818344,0.0124599545287402,0.0056291100691378,0.0020818778877063,0.0015793921170455,0.0033534313536733,0.0083279346967376,0.0009709082953947,0.0008714690060429,0.0137219872116842,0.0115444783478352,0.00193102637003,0.0012827668326385,0.0016502690573282,0.0006021366329687,0.0008386751978524,0.0017370139693159,0.0019299685052497,0.0033354476524076,0.0024851359419714,0.0032548383561458,0.006635985767064,0.0052512407696008,0.0024032572079732,0.0008346553116871,0.0024451486532746,0.0010284561394451,0.002521314917459,0.00121866022695,0.0022739861318158,0.0005136991373324,0.0049886787311208,0.0083808279357546,0.0121588862122559,0.0104828052542874,0.001896539978191,0.0017004118479162,0.0007855703858794,0.0009139951702125,0.0018210084328748,0.0007948795959464,0.0110267593243375,0.0042253235056284
sub-21104,ses-1,0.0113113063563187,0.0009561289275865,0.0010210628803459,0.033096176971183,0.2489364477288267,0.2938255715928825,0.0023878755323407,0.000212870436437,0.0019756860930859,0.0046509649467701,0.0049223700478685,0.0025858770346677,0.0026092156147899,0.0113726642363174,0.0033609437519515,0.0013988090924849,0.0043426698319302,0.0024599616306214,0.0041845697730379,0.0026630449205556,0.0015540859360398,0.0032141365544087,0.0039013071675226,0.0010805386167863,0.0020165286082997,0.0023460919453478,0.0005851584322572,0.0010381903867259,0.0024960987869396,0.0073685920305148,0.0038040003455615,0.0005301998403565,0.0022905687103797,0.000898911763416,0.0036995413780791,0.0040887686659234,0.0053976112963244,0.0073586166696561,0.0095353156947622,0.0069575318773949,0.0020253746830234,0.0020475839770107,0.0022984737133243,0.0071956230375124,0.0009794675077087,0.0011976079461089,0.0099081683336498,0.008120696596388,0.0019374785788536,0.0013675655094181,0.001951971084252,0.0005514680625647,0.0003244815494408,0.0008650331793677,0.0015087262762862,0.0020457018334525,0.0010105228764197,0.0021488433004441,0.0091344191168568,0.0069336286542052,0.0018125042465864,0.0014456744670851,0.0020502189779922,0.0012954794111375,0.0018591814068307,0.0011563890021834,0.0024776537800688,0.0009045581940907,0.0041226472499718,0.0091622748415188,0.0117466461613399,0.0104475906774418,0.0017534049388576,0.0026421531270591,0.0009773971497947,0.001717644211251,0.0015437341464695,0.0006973341883284,0.0050780233201351,0.0035339127449539
sub-21112,ses-1,0.0084774911740749,0.0013924566951082,0.0013643262568232,0.0383858096917397,0.2412205176110243,0.2890998022284056,0.0028170624625422,0.0001430268388127,0.0010696873155652,0.0058578897750788,0.0046617981524147,0.0025777710719359,0.0028207157662155,0.0117216248360351,0.0023940098971649,0.0029325068586209,0.00317691287437,0.0016600611891832,0.0027350457950748,0.0014834239565753,0.0014275284103726,0.0023600341730025,0.0047598893560449,0.0010930684590748,0.0016638971580402,0.0026807942355252,0.0004323684897443,0.0005624261005166,0.0022601163175356,0.0064186718889424,0.0053544645288873,0.0005786833018631,0.0023726380706757,0.0009014526814061,0.0020944389959479,0.0027708481710739,0.0087609875391291,0.0063996747098409,0.0087909446292508,0.0054326452274976,0.0023180211807587,0.0016562252203261,0.0028983484692748,0.007190797620311,0.0007997081741025,0.0009635588438535,0.0133968472354629,0.0083430495988946,0.0020663085576629,0.0015732952269404,0.0016379587019592,0.0007953242096945,0.0006798798136157,0.0018341411092197,0.0022433111206381,0.0031847674772677,0.0012247700565001,0.0029140576750704,0.0051080491961179,0.0046941298899241,0.001564709963308,0.0003867021938271,0.0049542451114686,0.0010126957782605,0.0012797522767845,0.0010651206859735,0.0012417579185813,0.0005761259892918,0.0045481804081726,0.0069184438314606,0.0104531978006381,0.0106691080477347,0.0020611939325201,0.0022498870672501,0.0008053707947963,0.0012581977851115,0.0019452015408904,0.0011270441832372,0.0085306467425226,0.0038829138092504
sub-21116,ses-1,0.0116164315051365,0.0019592226823829,0.0012343839384503,0.028316154381061,0.2670448434026315,0.2965457117704083,0.0029274441898145,0.0002724996317572,0.0014863304867312,0.0064139322501858,0.0068967584361843,0.0027816885728281,0.0037237048988274,0.0086090015654598,0.0026532318011009,0.0014070298396516,0.0038607254553364,0.0013097452445303,0.0026732710574904,0.0023007464194815,0.0014745124637323,0.0014536168288647,0.0027964182826528,0.0011744374449776,0.0015144197008156,0.0036211107571413,0.0010047032306021,0.0008322286050964,0.0031507876969242,0.007468990535305,0.0056144173029558,0.0005610991789043,0.0029630695345069,0.0012189691258431,0.0013813384853062,0.0024119043459495,0.0083573975685702,0.0065660250679108,0.0098610269005607,0.0046127970348751,0.0016444179538035,0.0016442466781078,0.003277531711695,0.0103799922583385,0.0010456381218592,0.0010423838836421,0.0085322700538148,0.007525511514865,0.002452154134424,0.001431350988432,0.0015202430744672,0.000532496137733,0.0003502587975761,0.0006047744812915,0.0015779629838966,0.0025831800415857,0.0012450030315798,0.0037716620936055,0.0052559372719892,0.0053975822722803,0.0011136345730268,0.0004720358171734,0.0038278405217742,0.0014322073669102,0.0013883607888273,0.0009796969790392,0.0013741449060895,0.000500467582649,0.0023468195816077,0.0085367232219013,0.0070248726565202,0.007590938830598,0.0013380057343102,0.0023168463348713,0.0009560609330414,0.0014474509038218,0.0016764465088874,0.0011771778561078,0.0064247226190109,0.0034210607446382
sub-21118,ses-1,0.0086247061012262,0.0012028599197451,0.0010438819336855,0.0387788004760117,0.2324899681482693,0.27435791337484,0.0029877035639937,0.0001387298440772,0.0012333323710453,0.0055542056794233,0.0041556805460663,0.0018000798698986,0.0033275114913217,0.0126206067546197,0.0022830281276763,0.0017816360177959,0.0052713331216299,0.001215890902209,0.003250528456458,0.0017880512707012,0.0015747441115997,0.0022315056277806,0.005768314745138,0.0014121575457808,0.0020031627196823,0.0023646221255657,0.0006707948819112,0.0013947160769445,0.0032336884175816,0.0063998162030042,0.0058743668947289,0.0008702691519356,0.0025873516873718,0.0009366269241749,0.0025610892457907,0.002152517826384,0.0077263702178299,0.0057985867197849,0.0108381688302107,0.0050209377816696,0.0015925865337426,0.0012974849000984,0.0027240767649162,0.0054066548626013,0.0011156525755636,0.0010767601048252,0.0140648405649271,0.0104684898815423,0.0019732916983419,0.0017786288679965,0.0025516668430861,0.0007343459810044,0.0006413248138774,0.0013167306588143,0.0022441356569379,0.0030556651494593,0.001632882341054,0.003906688542679,0.0062472534698499,0.0049383414005138,0.0017808341111827,0.0005759694249046,0.0034020888063459,0.001181408917843,0.0014265918648177,0.0015468778567923,0.001716280628823,0.0006194728586687,0.0040861151473743,0.0080284885343392,0.0107401357467514,0.0113000670393928,0.0029544244395474,0.0017553735762148,0.0007670236754908,0.0019576545193852,0.0015190116019848,0.0020190003752922,0.0076586091090176,0.0044012644463476
sub-21124,ses-1,0.0115581230748293,0.0009872876005571,0.0016554212680108,0.0468818732174842,0.229706176566243,0.2767996879542518,0.0043699263767062,0.0001630596199907,0.001747220440711,0.00615375932793,0.0057210173134311,0.0028155913572329,0.0042511589645553,0.0106342376266234,0.0033378107754726,0.0022246118582742,0.0043867145522584,0.001729182081873,0.0040107665784573,0.0020245825325462,0.0013698436860118,0.0017466846478742,0.0051159286031041,0.0013039411670889,0.0015930907013331,0.003304055826756,0.0007068893493135,0.000751002959541,0.0037435845505207,0.0075753963214964,0.0066472245305963,0.0007074251421503,0.0030829519827817,0.0009129909938582,0.0030441963009219,0.0023903504424487,0.008945775800345,0.0055061643858858,0.0095410416419978,0.0061098243153147,0.0017173946394641,0.0015607645335146,0.003267264718631,0.0112852259233005,0.0009610337515553,0.0012450039550441,0.0116347414504876,0.0087055620118592,0.0020658385809776,0.0017677591661206,0.0016307747975194,0.0005384718009551,0.0005216836254029,0.0013902038138091,0.002471790953638,0.0034758667297473,0.0011337376426079,0.0033753162740466,0.005933548472017,0.0038444922014459,0.001342875446561,0.0010403310913975,0.003935576983697,0.0012771515252503,0.0015373682463089,0.0013032267766399,0.0013244798924985,0.0004663183656032,0.0041511443016913,0.0069253010128806,0.0091211586555814,0.0099391357197189,0.0016186301598859,0.0029959749456125,0.00110462623181,0.0015032561023678,0.0021431713470849,0.0013878820448497,0.0070612137958082,0.0046901518954832
sub-21131,ses-1,0.0088212591780649,0.0011530206467472,0.0016069968199388,0.0416772063173466,0.2637087436942041,0.2964875714382664,0.0023266064655529,0.0001461840980492,0.0021427195520631,0.006013084933475,0.0069918157470264,0.0036803089163045,0.0029166555271984,0.0142864536526144,0.0036227264345407,0.0022575417627231,0.0047370160072444,0.0018013376958918,0.0048189339426108,0.0017674051619952,0.0014150552140594,0.0019593467678747,0.0044725821698587,0.0011050352452773,0.0015211372265946,0.0022758790411419,0.0005549168927121,0.0010001528677789,0.0016745191348643,0.0035409798756081,0.0036768813876281,0.0005233836288891,0.0026700448389301,0.0008640799793251,0.0025247176230499,0.0027852098024578,0.008715862671265,0.0061825762265239,0.00821150182653,0.0046233934316211,0.001580090719829,0.0015641527114836,0.00228924640298,0.0065949079262971,0.0012232849846138,0.0012244846196505,0.0135042916086557,0.0069666234112547,0.0023977276855886,0.0013381071952738,0.001676747028504,0.0005434346716461,0.0004234711679715,0.0009804445778895,0.0013687835769277,0.0038210089684715,0.0007496005215327,0.003482711888109,0.0060770083432903,0.0050722283117981,0.0010347709074107,0.0007987855580393,0.0035140737754982,0.0012808674663776,0.0018013376958918,0.0011125758083655,0.0016796604278789,0.0006308366528948,0.0033224749224864,0.0054295481763148,0.0068675678325062,0.0059052891566017,0.0012356240878489,0.0017997953079874,0.0009451410325224,0.0014625264862278,0.0012289404069299,0.001228769030496,0.0061925160596856,0.0033910254960148
sub-21139,ses-1,0.0122025929171703,0.0016546666374376,0.0010330408225309,0.0328377490348061,0.2577405414058362,0.2953001315814293,0.0044140870809739,0.0002431783874061,0.0015029138072813,0.0058085817330037,0.0051733610396955,0.0023043318890474,0.0032872415974729,0.0104755335522448,0.0042813670805797,0.0013205725007218,0.0045610817036897,0.0017255299411052,0.0022683054612835,0.0016927322969617,0.0015950191084512,0.0015318029238844,0.0041365816256041,0.0012887944724583,0.0014018018991705,0.0042835762483199,0.0006607110903109,0.0006036126010248,0.0023457962681718,0.0068572566656963,0.0044674469786997,0.0005805013077423,0.0020614933736013,0.000819601231628,0.0031246128645955,0.002496699418428,0.0075330920582289,0.0063748084184245,0.0087649579773811,0.0070766440158998,0.0021496901472308,0.0022971945778866,0.0026527006480848,0.0113145074855949,0.0008598760588923,0.0011190284284201,0.0164195542613231,0.0071695989969698,0.0020227479701572,0.0023774043604552,0.0017311378284458,0.0006698876332319,0.0003334143927958,0.0009436544970413,0.0022764623883244,0.0025808177285371,0.0007720191572228,0.002588974655578,0.0064947832203174,0.0061459046533399,0.0014631487879571,0.0007932611547251,0.0021398338603897,0.0018242627454958,0.0015821039739698,0.0014130176738517,0.0016366534235557,0.0005103177479947,0.0027928978315999,0.0085102239433338,0.0076957207911063,0.0090066069409671,0.0020183296346767,0.0043532500001274,0.0009093274290776,0.0016874642815811,0.001407069914551,0.0008836670960948,0.0063025856269167,0.0038449714838928
sub-21141,ses-1,0.0138276296546544,0.0007792998322624,0.0007502833491462,0.0355750054565337,0.2631305564771566,0.3079793574825937,0.0029784941625053,0.0002273489281518,0.001591123634611,0.0066765014475558,0.0059230294738913,0.0026840246882441,0.0033512443686898,0.0090464466207515,0.0022532415158274,0.0026127589302611,0.0037933471581463,0.0011102790572576,0.0040549737998694,0.0020078768591474,0.001373181148788,0.001301755959579,0.0045157300427578,0.0015401056423189,0.0014329678585054,0.003008467232977,0.0004993385995593,0.0006767855540003,0.0022604159209935,0.0065084609354435,0.0035695057169646,0.0005653431270872,0.0025913951459887,0.0007993881667274,0.0035459098955295,0.002600004432188,0.0078848307087499,0.0055855135686336,0.008051276908603,0.0051202932514196,0.0013822687286651,0.001898666469397,0.0021094345500539,0.0080590890386727,0.0008097511964117,0.0010793493994305,0.0133549160698225,0.0086440422065473,0.0020796209108082,0.0013553248514858,0.0012328816699846,0.0007174405166081,0.0003142389462743,0.0011502962949617,0.0021488140628544,0.0029115330476219,0.0005380803874561,0.0019208274097989,0.0062278619778368,0.0063785244863245,0.0011273381984303,0.0009451083072118,0.0031034882436211,0.0015321340810232,0.0017030443552019,0.0009109900248664,0.001534366118186,0.0008773500361988,0.0034669914387026,0.0061105205955649,0.0070122636093284,0.0077701996573185,0.0014285037841798,0.0025736982799124,0.0011259033173971,0.0014771303080833,0.0012108801608087,0.000911787180996,0.0059732503100538,0.003480861955357
sub-21146,ses-1,0.0081855490226612,0.0022035890616133,0.00148920001197,0.0392203019151459,0.2404877897225948,0.273644743169703,0.0030052753857329,0.0003568133140161,0.0011975737457068,0.005102887843397,0.004728157621519,0.0026042416182703,0.0028131451397242,0.009260944705182,0.0024612875661805,0.001424012964217,0.0038961650383564,0.0015972732753498,0.0024649090688335,0.0016599824528666,0.0013111745657675,0.0018677423419037,0.0041805482993137,0.0014548910394684,0.0016100438373365,0.0021275375059016,0.0004982425228836,0.0006705498070024,0.0023778023997601,0.0072119366252284,0.0051436773995933,0.0006331911480563,0.0026181558126737,0.0007953963458275,0.0030323413529285,0.0031234507354604,0.0095224553178049,0.006204015255294,0.0115098978526585,0.0051112744811196,0.0025899462130613,0.0013477708031025,0.0029860242400514,0.011281933790926,0.0012921140254888,0.0011116107090501,0.0158368311013123,0.0095407534364724,0.0015820248431269,0.0023450182704808,0.0019666665459499,0.0006482489748764,0.0004410609020476,0.0013458647490746,0.0024540445608746,0.0029904081643155,0.0015160753737628,0.0029490467919109,0.0062916937405757,0.00464066974164,0.0017638623973851,0.0007588001084925,0.0042274372283992,0.0011238094548285,0.0014421204774817,0.0015808812107102,0.001290207971461,0.0004441105884922,0.0036840212250552,0.0104160134460675,0.010072923721052,0.0109906887354684,0.0016803772309647,0.0024807293172647,0.0009455934032232,0.0016020384104195,0.0017489951759678,0.0010895004823269,0.0091221839719535,0.0033885828507363
sub-21150,ses-1,0.0077200088529315,0.0013051409787259,0.0015492630215083,0.0341584962362764,0.251204388023569,0.3136824442228483,0.0030832684153427,0.0002057149110515,0.0013353054840122,0.003590979129319,0.0053705095661818,0.0030650294121464,0.0029683977702117,0.010312051807187,0.0036749837690409,0.0010996014427051,0.004625341060591,0.0013216262316149,0.0019550808426279,0.0022683006475196,0.0014812175095833,0.0022135836379305,0.0045864078037679,0.0012032480858692,0.0021813146322753,0.0023128459053262,0.0006211783588615,0.0007420117550375,0.0022334010164035,0.0050101138780224,0.0034119212229391,0.0005110428395602,0.0022069193867626,0.0006639698663607,0.0028907066315963,0.0026955142223888,0.0063911922450564,0.0056137547338105,0.0087426206571442,0.0043740286415485,0.0010922356914143,0.0016323907860764,0.0038244032952266,0.0085016553649151,0.000897569407299,0.0011416914500814,0.0115344157714063,0.0074311661773118,0.0020425929829644,0.0011811508319966,0.0021269483727477,0.0004714080826142,0.0003565374374831,0.0013873918681404,0.0019112370849442,0.0032451395687107,0.0009591260430868,0.0021611465037409,0.0057561592587669,0.0046902298219627,0.0009207189113559,0.0010413769325013,0.0021753518812304,0.0013104022296479,0.0044292717762298,0.0010936386916601,0.0011885165832875,0.001337409984381,0.0043926183948063,0.0075265701940314,0.0082871717023268,0.0070837482414268,0.0015910022788231,0.001772690810664,0.0009426407901977,0.0015308486432812,0.0015380390195413,0.0008181245183763,0.0092959288791115,0.0042426727435283
sub-21154,ses-1,0.0089655693802324,0.0014582203853897,0.0012804550791838,0.0440539548353525,0.2629235718158215,0.2851685841708508,0.0040359875986563,0.0002572829288094,0.0013615051613237,0.0041710143111287,0.0064303704874174,0.0038660548634135,0.0028379447878667,0.0116698496418812,0.004072255807681,0.0019843648261714,0.0040959237938521,0.0015997174825708,0.0042241395750523,0.0017955317566481,0.0015116861958769,0.0014921047684692,0.003286104065581,0.0008202063984612,0.0009618737689241,0.0021193915386438,0.0007735515192463,0.0006948852630517,0.001957461647646,0.0054034523248432,0.004103926638097,0.0004726786302944,0.0030146884543817,0.0008113521878073,0.0041407056669672,0.0032876365251173,0.009712558267517,0.0069740530762252,0.0090530898470809,0.0064662981498786,0.0018084725260654,0.0015084510035226,0.0023730987285353,0.0125966471147532,0.000622519118284,0.0010138071198751,0.0146383940368934,0.0079716842343287,0.0018472948343172,0.0013131475492907,0.0013114448164726,0.0005155874973096,0.0003917988214364,0.0010739135883527,0.0019790863544354,0.0030805842144408,0.0012898201096832,0.0024664084869652,0.0060685397635789,0.0048020470935031,0.0009792416436684,0.0004800003814121,0.0046528876986408,0.0014006680161391,0.0016160637176242,0.0008808236867843,0.0009676630605055,0.0007081665790326,0.0037727451049836,0.0057097739588129,0.0074683564133091,0.0071950677960098,0.0014071384008478,0.0025995621933378,0.000990990500113,0.001574857583427,0.001433360486246,0.0009591493964152,0.0062546484605933,0.004140875940249
sub-21161,ses-1,0.0122370564217179,0.001750626565771,0.0012120382299918,0.0311190472391213,0.283165519914471,0.3031071862851628,0.0030218597546171,0.0002203081946927,0.0010885009245566,0.0064486473437163,0.0052683513380377,0.0028773897390943,0.0034063696177841,0.0120016492230275,0.0028054978905147,0.0016284618970628,0.0040913153445858,0.0030451945789771,0.0047297630022585,0.0016313787501078,0.0011336263569586,0.0023228445013631,0.0030489693299765,0.00093939826008,0.0011688001730894,0.0025927391978208,0.0003500223653996,0.0004461069362936,0.0015286025751694,0.0043797406368588,0.0042508843641063,0.0004481658913842,0.0022746306363252,0.0008834633134524,0.0037992868809043,0.0031436812641435,0.0056918097683349,0.0068359024803374,0.0103457345914235,0.0061916211165747,0.0011289937080048,0.0012784395316632,0.0022494084364655,0.0111355154482542,0.0009158918561291,0.0007508322897004,0.0121260444264171,0.0072152649557779,0.0021198658453494,0.0013794999106928,0.001020898565749,0.0004522838015654,0.0003304622920391,0.0009956763658893,0.0016226281909728,0.0019288977606976,0.0011281358100504,0.0019057345159285,0.0058886115590768,0.0044430535058943,0.0011701728098165,0.0011005114959183,0.0026611994545827,0.0015615458566188,0.0014376653920018,0.0010883293449657,0.0016541988356952,0.0005849148253173,0.0051467014081022,0.0066847408607701,0.0099898785199338,0.0075163871377761,0.0012986859233873,0.0026018329161375,0.0007067363348437,0.0010809514225578,0.0018237194714868,0.0009982500597525,0.0068237203293847,0.0034329644543708
sub-21193,ses-1,0.0129329645680858,0.0009658164834751,0.0010507461903329,0.0313696158104589,0.2586504876725911,0.3039150868647922,0.0032834308011046,0.0001538056276633,0.0014486384145349,0.0044871195123239,0.0053989055115582,0.0038366822451685,0.0036393760359439,0.0114415160574111,0.0030307131367958,0.0018080360764823,0.0033345267223036,0.0013864947265902,0.0028202877045606,0.0012540941469967,0.0013642265717433,0.00210321859422,0.0036732098216027,0.0009444114354052,0.0012737729815125,0.0036594001131705,0.0005194176584051,0.0013369523975897,0.0025175098471852,0.0078644563307673,0.003536838950835,0.0005587753274368,0.002567224797541,0.0007628137695221,0.0010598951221693,0.0027629774145671,0.005623313273581,0.0055813662842183,0.0095259368765132,0.0042366459256354,0.0019297341320408,0.0012713562825369,0.0026859882900577,0.0081404778780554,0.0007645399830762,0.0009991324050677,0.013348982034605,0.0081228704998044,0.0014118700658343,0.0010322757053049,0.0018249529693117,0.0007925046426513,0.0007797306623515,0.0016901356907426,0.0024185978105397,0.0032361325497244,0.0011360211399016,0.0027179232408071,0.0048955416392054,0.0042321577703949,0.0011261817226437,0.0004346605729026,0.0027994005205569,0.0012371772541673,0.0021524156805096,0.0010598951221693,0.0014919663747409,0.0007635042549437,0.0037995686537571,0.0075551188618866,0.0096686947374308,0.0097432671629645,0.002563772370433,0.0018140778239213,0.0007968201765364,0.0015710269555151,0.0017008382147775,0.0009492448333565,0.0086100079647493,0.0057167014268536
sub-21197,ses-1,0.0113743531407306,0.0012587154259154,0.0012360201408434,0.0435634251165577,0.2421698647814915,0.2800278698100684,0.0035167217114619,0.000144376928881,0.0016302197846322,0.00611550643132,0.0043445758792415,0.003085860453326,0.0036031383738514,0.0108179694982351,0.0027361784841016,0.0024924660382516,0.004261127061823,0.0011784090325837,0.0022358347378223,0.0020341958589135,0.0017550438525281,0.001899769939641,0.0044088209939068,0.0008474070287647,0.0012595883214951,0.0024887998768169,0.0004907418949026,0.000900304500894,0.0033882314821313,0.0055254290194484,0.0057443512308351,0.0008220930569536,0.0028185798268245,0.0012770462330889,0.0023512315334575,0.0023222514002117,0.0093728035764976,0.0069461538649546,0.0095164821889148,0.0056712025812569,0.0019881069723058,0.0018358739832075,0.00292751719517,0.0058536377574125,0.0009593122420811,0.001347576195928,0.0123183024206092,0.0087757429999884,0.0025032899434398,0.0016179992465165,0.002539427820439,0.0005298476168728,0.0005874587251325,0.001528789318272,0.0022709251401259,0.0037499594103555,0.0013535118858699,0.0036235641304161,0.0077879743620093,0.0064899786350077,0.0013013127302043,0.0006883654541448,0.003991926065046,0.0014980633938668,0.0018877239806412,0.0012990432016971,0.0018718372810908,0.0009065893490677,0.0043780950695016,0.0068000311449142,0.0075903508027671,0.0083152032921431,0.0021331822176505,0.0024221106545285,0.0008508986110834,0.0024147783316591,0.0014813037987368,0.0015736561510681,0.0081306731665963,0.003768464796645
sub-21224,ses-1,0.0131831577469989,0.0011929836297592,0.001511724720503,0.0293351657666821,0.2581788078492945,0.3048287963555957,0.0035030367303197,0.0002154453668916,0.0020714891669019,0.0065071387182869,0.0068817906690841,0.0028985108035849,0.0034915594276695,0.0085169783738105,0.0023100531005605,0.0039145800110641,0.0035745239296841,0.0017386473900449,0.0029240887923483,0.002963439544292,0.0014105604957145,0.0016809329538609,0.0045882976766332,0.0013615360172513,0.0018678490255934,0.0022141356426977,0.0003746519507971,0.000507460738607,0.0021208415682979,0.0071024828029015,0.0042913634609248,0.0004984428579532,0.0023395661645182,0.0008129209505698,0.0049591785137024,0.003085262913851,0.0063521951325087,0.0059904961375597,0.0082669371375016,0.0053762964843054,0.0009808174921962,0.001318906035979,0.0024735226825932,0.007190694071842,0.0010749313739282,0.0011165775864019,0.0093525260067479,0.0081469173440734,0.0020606677101174,0.0009924587563129,0.0014656515484356,0.0008706353867539,0.0003749798737299,0.0013528460595304,0.0019134303132614,0.0032085619366079,0.0009149049826905,0.0023226781334757,0.0090824814715344,0.007852606511828,0.0008993286433795,0.000874078577549,0.0029540937407054,0.0013769483950959,0.0019716366338448,0.0009250705936093,0.0014040020370572,0.0003943273267689,0.0029759006157408,0.0057165165271518,0.0084345057561952,0.0067599672995251,0.0019194968875194,0.0028084959585138,0.0011328097715787,0.0014794243116159,0.0010731277977974,0.0010204961670727,0.0057099580684945,0.0043216963322147
sub-21325,ses-1,0.0112750815390095,0.0009211987456611,0.0009693888240922,0.0339542752980451,0.2456686547984048,0.2881426216799481,0.0026848508551992,0.0001800143871828,0.001605462939036,0.0039835385485707,0.0053559081734563,0.0029343567322936,0.0034440191922225,0.0102910261693078,0.0032926394893248,0.0026476606859752,0.0046084381525739,0.0019422696828534,0.0025573915897837,0.0020997604464217,0.0015825901119546,0.0021788550316727,0.0034227177807421,0.0014610673054762,0.0015494157825998,0.0023616630465907,0.0006479470328181,0.0007678984236955,0.0029046744376078,0.0066104216282659,0.0059121892962153,0.0005674556336995,0.0031119266952082,0.0009096750312537,0.0031866562371231,0.0030190385730149,0.0068979906832515,0.0071885279677056,0.007837348009191,0.0050692121271379,0.0021851406940768,0.001791413785156,0.0020266023201078,0.0050213712521737,0.0011855457700984,0.0009367382999378,0.0138279334837236,0.009310462834275,0.0022813462492055,0.0015331778213894,0.0018553180195972,0.0008328502685374,0.0006685500373647,0.0012957194639028,0.0019585076440638,0.003298575948262,0.0016419547013262,0.0031695452672454,0.0057382859697031,0.0055270178722334,0.0014795750892214,0.0005779317377062,0.0039091582101227,0.0020087929432963,0.0022949651844143,0.0013266239707227,0.0018554926213307,0.0006783277344377,0.0033184805458748,0.0047545798034682,0.0109389732021259,0.0073999706669087,0.0022951397861477,0.0019988406444899,0.0009180559144591,0.0015230509208495,0.0017804138759489,0.0015117018081755,0.0086295160738355,0.0060794577568566
sub-21345,ses-1,0.0078593394804511,0.0021569323020159,0.0008716414278382,0.052060064213132,0.1962013656643968,0.2581204677430549,0.002847347716595,0.0002604856171666,0.0012098871428926,0.0044749543935954,0.0084537865097583,0.0018555315920212,0.0025022471168783,0.0100546162935467,0.0032554275691465,0.0014637320905427,0.0058939155186877,0.0038854343126392,0.0037714718551288,0.0017002256113914,0.0015779087631988,0.0033927394775378,0.0029805895372181,0.0012156709518264,0.0010005989455473,0.0022199115548506,0.0005685269966779,0.0008697134915269,0.0030930524887087,0.0081858033624923,0.0042718784354753,0.0007364716709038,0.0034274423311406,0.0010040263878785,0.0044391804642642,0.0028302105049393,0.0077712970555699,0.0103086754563425,0.0124696778461266,0.0049395870446107,0.0018758820308624,0.0015592720455232,0.0030283595147084,0.0081039731768363,0.0013799739685754,0.0014388831336419,0.0135338986899458,0.009900595603791,0.0022460458026255,0.0018908770910611,0.0014832256688011,0.0006797046572943,0.0006835605299168,0.0013079976796215,0.0016147537682586,0.0019898444883728,0.0022715374049634,0.0051852918167243,0.0075654363005558,0.0047774261793186,0.0025817209359316,0.0010532958713886,0.0040902239919249,0.0015537024517351,0.0015603431212517,0.0009125565206661,0.0031875213679607,0.0004946227714127,0.0069285746724007,0.0133269668592032,0.0132582037974347,0.0144381008199298,0.0017739156215109,0.0015055040439535,0.0007120511442944,0.0011556907110314,0.0018137596386104,0.0008011646449041,0.0074713958515951,0.0058414328079921
sub-21432,ses-1,0.0096669692466429,0.0007917369683162,0.0011806486275357,0.0305609128695394,0.2612026254889684,0.3136907800277099,0.0030702228614678,0.0002450813990426,0.0024912138653711,0.0040136689037468,0.0047857926547663,0.0024526579681209,0.0034911526788385,0.0071259679835181,0.004260594280484,0.0016247119832566,0.004116931654643,0.0021048167211897,0.0019914959101412,0.002293405349044,0.001476690864683,0.0023064808272419,0.0037900446996956,0.0012264128012284,0.0016627649774992,0.0023349786643399,0.000535759337442,0.0008520853292296,0.002342522209454,0.006024778031185,0.0039756159095042,0.0003781830617238,0.0022788211618232,0.0009865280665977,0.0025153532097365,0.0034458914081535,0.0061898978520174,0.0071293206702356,0.0076129457292219,0.0061868804339717,0.000938249377867,0.0014978127910027,0.0023690084345216,0.0085196798519453,0.0011213060726376,0.0011288496177518,0.0105467142412911,0.0080945591761778,0.0023919743385358,0.0013157619022473,0.0025928002729086,0.0003619225311443,0.0005490024499758,0.0016086190870131,0.0015807917872586,0.0034515909755731,0.0010059736495587,0.0021177245650517,0.008020464799723,0.0062847788861201,0.0010812414663645,0.0009739554914074,0.0025874359741608,0.0011665673433226,0.0027668047135422,0.0012758649303102,0.0009172950858832,0.0008980171372581,0.0029835559098227,0.0066044575646251,0.0080714256378276,0.007501468895868,0.0018436424259035,0.0031221895055876,0.0009328850791192,0.0017529522501975,0.001509044291506,0.0009875338726129,0.0063630641209716,0.0036720301272428
sub-21493,ses-1,0.0079021568763601,0.0012738011797942,0.001059555694825,0.047495039020176,0.2128504164928271,0.2792815516041804,0.0026419653294227,0.0003454040782607,0.0020110984304688,0.0040655207401696,0.0074479485351879,0.0020136701675921,0.003196471418406,0.0116406713499977,0.004275611880555,0.0017873573007363,0.0060619800516286,0.0025440414928024,0.0045854072909538,0.0020587744802173,0.0015525379187801,0.0018999202563665,0.0024364241854863,0.0013307750483733,0.0010605448244878,0.0019646093363157,0.0005681560783303,0.0006668712186809,0.0017107986648332,0.0073668399028358,0.0054218153338441,0.0005113800356838,0.002529600199725,0.0006876429416004,0.004787387568104,0.0034463255712372,0.0079084873062022,0.0083045348231999,0.0106382873496844,0.0065090666592284,0.0017311747358875,0.0016742008673084,0.0029329672762277,0.0089290712923117,0.0012474903307629,0.0010411578830963,0.0108988241028742,0.0106127678043833,0.0019420571800032,0.0015145553397274,0.0014025858618949,0.0004815083198663,0.0006342299398075,0.0010676665580602,0.0020103071267385,0.0023942872618497,0.001573111815767,0.0037250623102231,0.0086544888979097,0.0055191456926667,0.0010405644052986,0.0008371993466205,0.0049191396391931,0.0016973465014187,0.0014374032260266,0.0009420470908806,0.0016510552331981,0.0005483734850737,0.0041389141611517,0.0098489618787449,0.0099706248272732,0.0106145482377764,0.0021752939544988,0.0017889399081968,0.0011733056060506,0.0013011011584884,0.0016288987287507,0.0007651907071663,0.0076214418780486,0.0044566226088532
sub-21514,ses-1,0.0099039045915556,0.0018338065867606,0.0020155787948796,0.0306378699825422,0.2590437294468555,0.2831959116991775,0.003364082987747,0.0002001050854363,0.0015015664233006,0.0059350096040063,0.0059284374404397,0.0037060084448842,0.0048576936340985,0.0104383252605257,0.0028737649953424,0.0016906026016774,0.003541358452373,0.0014974155831532,0.0027587521329265,0.0013090712114676,0.0012737890702152,0.0025814766683004,0.0034382792553807,0.0009500235387226,0.0025406600735182,0.0026437392705105,0.0004342816504155,0.0009356685498797,0.0028419418875461,0.0068020163397822,0.0038111630619502,0.0004628186764285,0.0024071413821121,0.0014993180515541,0.0028109835381138,0.0022872858728576,0.006577698020153,0.0060154321318611,0.0098983701380258,0.0054287800577035,0.0013824027207373,0.0014540047132789,0.0028531837462785,0.0086503508670586,0.0008189261707358,0.0010985890256629,0.0128535953712597,0.007186142005084,0.0021591286833085,0.0019007388841365,0.0016895648916405,0.0004353193604523,0.0004508850110049,0.001144767122302,0.0021937190178697,0.0025136796125605,0.0010934004754787,0.0032914432851685,0.0058429993140736,0.0064237710313557,0.0017219068544552,0.0005940889960881,0.0015346001928065,0.0010755864531797,0.0033099491141588,0.0011056800442479,0.0016317990329234,0.0005570773381077,0.0032416332034005,0.0098350698257788,0.0090249641903561,0.0101138679223419,0.001707897768958,0.0022347085643247,0.0008005932934183,0.0012028788843648,0.0015600240887089,0.000697514096426,0.0072126036110233,0.0054080258569668
sub-21516,ses-1,0.0122361110918349,0.0016626857510051,0.0016498478184535,0.0362421775354222,0.2510775189064579,0.2739802170929092,0.004319790818033,0.0001753939163466,0.0014071414989986,0.0059035406324034,0.0071307775901049,0.0038166826504709,0.0050498181177231,0.0090172597328877,0.0021843568750945,0.0014154688065996,0.0033661406121403,0.0010934795793599,0.0034575675101766,0.0019192709164618,0.0013623822206431,0.0015606762328925,0.0033238101318351,0.0013753936387697,0.0013849353453959,0.0031589988355648,0.0004246926876524,0.0007260371314645,0.0032474764788257,0.0071425746092063,0.0036046832777948,0.0007083416028124,0.0022861929076321,0.0009834897247963,0.0019478960363403,0.0026676876871041,0.0064774309145743,0.0065371099523816,0.0097604719362794,0.0053534178740106,0.0017558475047916,0.0016356220013018,0.0023011126670839,0.0095023254006475,0.0009533032347426,0.0010615582335559,0.0173400567089647,0.0067812041564368,0.0020080955308727,0.0019170156039865,0.0013070403222112,0.000818851914101,0.0004987710281865,0.0013070403222112,0.0030143118659969,0.0023247067052868,0.0008773165528832,0.0037396550551614,0.0064514080783211,0.0062338571672442,0.0013585655379926,0.0004876679513851,0.003962757504639,0.0015310101995639,0.001515743468962,0.0010735287382324,0.0013302873892641,0.0006028623731993,0.0038813927699539,0.0076030053253132,0.0076609495073703,0.0076271198202411,0.0018536933691037,0.0023057967776095,0.0009118401823125,0.0015637989732429,0.0019945636560211,0.00113528960294,0.0079733970279839,0.0045552107433371
sub-21539,ses-1,0.0096598397277409,0.0019719412599595,0.0010668728607271,0.0411182550903213,0.2534290317371596,0.2977924461773412,0.0026298488901817,0.000182212231413,0.0015973129121741,0.0062305245493324,0.0055484839213497,0.0025075642371,0.002360822653402,0.0088524370845459,0.0030166247200612,0.0017876234649834,0.0043074971506056,0.0012072977537362,0.0026505805929558,0.002268501789486,0.0017046966538869,0.0013697500809427,0.0038436253010348,0.0011149768898202,0.001243254300735,0.0027165009291204,0.0005445311306762,0.0008265146816898,0.0019024576623806,0.0058609171608127,0.0044979696698427,0.0005540871499237,0.0025598793933191,0.0009146244184797,0.0036448924939736,0.0032462931148557,0.0080634986141342,0.0063469784110089,0.007671863791417,0.00562331241105,0.0014368041821027,0.0018104607313205,0.0023603367541182,0.0093462727232824,0.0008851465285978,0.0011632428853412,0.0168070942591161,0.0079752269109163,0.0021068592944191,0.0015126044703705,0.001777905479308,0.0005294682528794,0.0006013813468771,0.0011358705590222,0.0023681111426585,0.0032754470718818,0.0009798968889326,0.0025166343570637,0.0079195104597109,0.0073284949642208,0.0009227227398759,0.0008077265760507,0.0027497040468445,0.0013221319511334,0.0013767146373434,0.0012413107035999,0.0012986468190846,0.000719130939977,0.0035629374814447,0.0060065249795152,0.0074225974588439,0.0071087065215296,0.0015958552143228,0.0026159197773803,0.0009850798146261,0.0020143764640752,0.0016114039914034,0.0011255047076352,0.0064503129920236,0.0036627088010451
sub-21553,ses-1,0.0130848616736374,0.0009912360683083,0.0008778593938286,0.0314529058867897,0.2686198597743651,0.304923752907728,0.002945406659115,0.0002144779796924,0.0012491893141546,0.0041512911983556,0.0041299797933782,0.0027232565736307,0.0034672803442013,0.0116448926621252,0.0037477384337037,0.0013335824778651,0.0034086313577035,0.0015685194063358,0.0028552167932507,0.001382683954933,0.0011327437973582,0.0023573823729789,0.0048526921589714,0.0011697403963989,0.0013395496712587,0.0026189159348614,0.0003125104425884,0.0006396831318013,0.0025336703149518,0.0070329341337783,0.004032117821722,0.0006393421493216,0.002125343795585,0.0004611788037107,0.0030108752952055,0.0040126818203827,0.0054802704127456,0.0063750084393163,0.0084672769343765,0.0047558531347542,0.0017050828894309,0.0012454385068786,0.0029825737493956,0.0092866578329472,0.0009196297475843,0.0007873285454846,0.0128021871980173,0.0074508081625749,0.0016056864966164,0.001588125898915,0.0019707082410691,0.0006720764673669,0.0005121556844166,0.0010159572980821,0.0020927799687796,0.0028260627912416,0.0011716158000369,0.0026037422145175,0.0047214139043107,0.0042092582198941,0.0011576355183717,0.000494765577955,0.0026601748148976,0.0017913514567794,0.0018641512161822,0.0010601145291952,0.0016048340404173,0.0004678279620636,0.0032522908907894,0.007772184149634,0.0104095131383959,0.0084486933892362,0.0015255556139014,0.001921777255241,0.0008514332516566,0.0020286752626076,0.0012822646146795,0.0012894252467519,0.0063335790680403,0.0033721462323822
sub-21554,ses-1,0.0097670572820804,0.0013403264493183,0.0011133397932432,0.0341240006848706,0.2650959303417908,0.2972499929013536,0.0027746780827635,0.0002157648438646,0.0013489978496627,0.0040731777774792,0.0053181188230087,0.0033187659475128,0.0034845427188036,0.011764709882999,0.0042544270474238,0.0015625523365768,0.0043775269268234,0.0013847036157869,0.0027661767098768,0.0012726555211401,0.0016477360929016,0.0025073949192055,0.0034592086276012,0.0012333791784035,0.0013957554005396,0.0025567028819484,0.0003254325541031,0.000581323877993,0.0023431483950343,0.007656166394311,0.0033429098465111,0.0005189238010046,0.002936204167611,0.0005566698966216,0.0019088982679812,0.0027192491315422,0.0065661203627773,0.0064350291928643,0.0078814527758087,0.0063151598351617,0.0010058824399552,0.0017332599041419,0.0030009846290077,0.0103903779421338,0.000841635915784,0.0009377014294038,0.0139369806830104,0.0078802625836046,0.0020704243528287,0.0015040628911162,0.0015829556315049,0.0007338385075805,0.0005274251738913,0.0012423906336634,0.0025056946446281,0.0032014470016763,0.0009817385409569,0.0030785171497345,0.0051936587239473,0.0060551878522862,0.0016917732044547,0.0009268196721088,0.0021088505582766,0.0008375552567984,0.002712958115606,0.001018124416912,0.0014523745439651,0.000635052554637,0.0035510234547777,0.0081868220898992,0.008575844913195,0.0091825028823904,0.0010660721599931,0.0025385099439708,0.0008538778927408,0.0016613382895203,0.0010089429341944,0.000932430578214,0.0072683337632194,0.0046801758015901
sub-21560,ses-1,0.012024070662925,0.0016025525417472,0.0015742245927769,0.0344321820983901,0.2352220919996769,0.2869107456707944,0.0036330154679398,0.0001344257951136,0.0014188607484244,0.0054206674029587,0.0059469338338289,0.0041383438495712,0.0027391895004304,0.0097332017461981,0.0027082223015561,0.0023040651662472,0.00650839026342,0.0026475195537626,0.0024698100602224,0.0021773811708521,0.0015629637931862,0.0016644869394958,0.0032932560302901,0.0013088920024217,0.00167152493924,0.0031697391347799,0.0005347120305632,0.00050233723174,0.0021073530733977,0.0090816589198816,0.0042162896967378,0.0004842143823988,0.0020827200742931,0.0007838572215067,0.003822337661058,0.0036792903162577,0.0074161162804241,0.0056119250460065,0.0088041857799678,0.007325502033718,0.0014276582481046,0.0017220225874044,0.0027956694483774,0.0099392391887086,0.0006705454256256,0.0012429107548201,0.0118549827190713,0.0085034872408982,0.0021122796732186,0.0012418550548585,0.0018849522814819,0.0007205152238092,0.0003480290873491,0.0016231386909989,0.0024282858617318,0.0028827646952115,0.0008640904185903,0.0034449249247769,0.0072776436354576,0.0064897395640979,0.0011911814567005,0.0010039706635056,0.0022730979673728,0.0015283016444462,0.0028283961471878,0.0011172824593867,0.0008947057174774,0.0007905433212637,0.0045227945855964,0.0093777827591175,0.0083877121451066,0.008752984331829,0.0023837705133499,0.0030150790904018,0.0009123007168378,0.0009619186150342,0.0015751043427449,0.0008820373179379,0.005827287838178,0.0041126551505049
sub-21567,ses-1,0.0105093237131401,0.0011086974324857,0.0010474033161298,0.0410809040122318,0.2454777015212929,0.2981036816150577,0.0026765097475374,0.000187428289683,0.0018275102515676,0.0048216349656761,0.0049442231983877,0.0026064352068001,0.0025404131696234,0.0093163679774545,0.0041661425147304,0.0018011689784229,0.0042843405352512,0.0014898016215079,0.0041163304917966,0.0020784277637018,0.0017812441692494,0.001835952967319,0.0036099364010222,0.0009612876154646,0.0019615805777012,0.002379326153085,0.0005011596070084,0.0006710270479284,0.0028985531718016,0.0051250661697847,0.0036975717905227,0.0004498278952394,0.0025615199590021,0.0006381004564976,0.0033699944193648,0.0027541827324511,0.0085759418060488,0.0074934167923927,0.0089955447788979,0.0067607579194784,0.0014342485518631,0.0018871158247731,0.0022906776376943,0.0119356361121969,0.0007314768927091,0.0010072159891527,0.0122059718705596,0.0071648262953447,0.0021458006353987,0.0022285392497633,0.0015566679302597,0.0005511404842572,0.0003481775975914,0.000861325860967,0.0018386546363595,0.0022737922061913,0.0008775358752099,0.0024048231546545,0.0099688210507297,0.0079717810668722,0.0016534214527718,0.0006548170336855,0.0021000411160257,0.0015200265438983,0.0022157063218211,0.0011868769803445,0.001121699214743,0.0009126575727361,0.0031356246301035,0.0058756236000921,0.0069952965630548,0.0089263145097357,0.0017061039990611,0.0028374279097608,0.0009984355647712,0.0014670062889789,0.0012373644205384,0.0010587165552368,0.0053079353929619,0.004265935414913
sub-21568,ses-1,0.0035536244486954,0.0008247156937453,0.000811676710445,0.0295894651032925,0.2308158316326236,0.3088049997479966,0.0017765614746688,0.0002537586749985,0.0007111260892252,0.002640644867994,0.0035398332163586,0.0010759668719554,0.000984944738532,0.0094926305923133,0.0025275567628316,0.0013630752542413,0.0072108085147569,0.0019330292742727,0.0027489687292582,0.0031255947468945,0.0017489790099951,0.0028299608755276,0.0029962079126067,0.0022647710993944,0.001178523490606,0.0024721410838053,0.0015049995724717,0.0014480793953723,0.001759259746828,0.0047411749277402,0.0046408750561992,0.0012040999578489,0.0018354876491991,0.001152947023363,0.00431515122337,0.0031812611755997,0.0053991420850487,0.0080455541956564,0.0112493828423529,0.0048319463114847,0.0028028799102115,0.004152163932116,0.0033640576914831,0.0071092548948217,0.001800131944481,0.0020872403267669,0.0078923461418776,0.0072727436854335,0.0041794956471109,0.0017113665581672,0.0021907999441329,0.0004400656863858,0.0005095233474279,0.000901695845153,0.0009551055267485,0.0034568350726584,0.0017938632025097,0.0038011143817227,0.0106037024193081,0.0072484209665848,0.0017577552487549,0.0006795316296898,0.0026005249193777,0.0012229061837629,0.0018282159085124,0.0012645306304523,0.0015032443247198,0.0012033477088124,0.0054643370015503,0.0066122690313364,0.0114880965366203,0.0082611989194694,0.0008911643586412,0.0007893599890271,0.001086749108146,0.001251491647152,0.0033076390137413,0.0009601205203256,0.0054701042441639,0.0059129281770172
sub-21580,ses-1,0.0070954319142469,0.0015962589400074,0.0016286367113096,0.0254961023081869,0.2665576615032825,0.291946708277325,0.0040372991925401,0.0003592888170311,0.0018368292622637,0.0043234769130823,0.0054020396603328,0.002541306899146,0.0023280662010534,0.0075419318249469,0.002696406868126,0.0015946922736541,0.004575013899812,0.0016416922642541,0.0021780143792119,0.0023564402694526,0.0017389996522,0.0024638439516756,0.0038019510914616,0.0016483070777459,0.0032389956484971,0.0019024551750645,0.0003880110335089,0.0005920258075207,0.0023806365609097,0.0064529246353409,0.0042254732289794,0.0005044665657733,0.0023748921176141,0.0008620146424118,0.0019229959116971,0.0041850880518712,0.0085597427324959,0.0066668616295906,0.0094619684779766,0.0051724360025498,0.0012162553123044,0.0010200738700593,0.0026983216825578,0.0099257017185633,0.0011821368006096,0.0010813479318785,0.0134590565674479,0.0073286911268543,0.0021564291983437,0.0012891923347541,0.0018263848199082,0.0006409406125526,0.0003549369660496,0.0009542738832192,0.0018465774084622,0.0034941881900512,0.0009852590622074,0.0029763179232549,0.006514024623121,0.006538220914578,0.0018523218517578,0.0009749886938911,0.0022791513960215,0.0008489590894674,0.002433206920766,0.0011622923601341,0.0010472294201837,0.000546592483274,0.0038336325666068,0.0092003351969699,0.0071746356021099,0.0090911907743544,0.0018909662884734,0.0029484660769734,0.0010613294173637,0.0016745922576741,0.0015997404207926,0.0011419256975407,0.0076341910657543,0.0036917622246105
sub-21623,ses-1,0.0133814052974254,0.0008939028938823,0.0010426660744822,0.0335182144711659,0.2460880578743379,0.2955224433831163,0.0035534377532821,0.0002424227581521,0.0014459317820703,0.007310907766497,0.0058237723893551,0.0030651172349839,0.0043763513207158,0.0076683365430216,0.0022663632052226,0.0031332934645802,0.003623765174589,0.0008535266802379,0.0019177046718257,0.0028225290005464,0.0015958532966682,0.0020049106742463,0.0044701763745535,0.0014525508334875,0.001741141475274,0.0036874735444788,0.0005320062576512,0.000631292028908,0.0025061383428079,0.007519242409851,0.0036282330342956,0.0005884336709821,0.0024007299489902,0.0006493289440197,0.0025723288569791,0.0030237481636269,0.0072256874795016,0.0072844315608285,0.0081591392056013,0.0055522258049676,0.001843571295954,0.0020169904430826,0.0022149000804545,0.006807197953654,0.0008654409727887,0.000985411279724,0.015240696840495,0.0096793698398288,0.0020937714395212,0.0016408628463046,0.001559448513874,0.0010736101398572,0.0005758574732896,0.0013689853093463,0.0022107631733188,0.003366284074463,0.000894564799024,0.0026436491359986,0.0069787968616429,0.0073365565907384,0.0012356114232913,0.0011358292231781,0.0025824229103902,0.0020563737990144,0.0016999378802024,0.0015720247115665,0.0013822234121805,0.0005884336709821,0.0036201246963096,0.0075237102695575,0.0087316871531823,0.0085830894488679,0.0018195772345669,0.0030576708021396,0.0011237494543419,0.0020568702278707,0.0017657974418028,0.001094791104392,0.0057766116480081,0.0036371687537087
sub-21712,ses-1,0.0093037402915515,0.000764111902226,0.0012006510361404,0.0454398165457763,0.2448494445241622,0.3091422949158685,0.0024774269521147,0.000132713286082,0.0011775777871642,0.0049567065008626,0.0057703332585557,0.0034011990005409,0.0029774596251826,0.0131551202739417,0.0034385877689549,0.0018209340724857,0.0038695691129699,0.0014288572577662,0.0050638202698323,0.0017680508595037,0.0012444396838324,0.0019139007398934,0.0032908852919321,0.0013017017615836,0.0014576567145175,0.0023487556950504,0.0004222236144766,0.0005594841832036,0.0021774747154243,0.0044728419438656,0.0048541400145378,0.0005025589412039,0.0019053114282307,0.0004333391942754,0.0038523904896446,0.0034827132523984,0.008938105083323,0.0062221984191624,0.0079274294110157,0.0050924513087079,0.0011262103350639,0.0015219923430496,0.0021264440990755,0.0064918354382199,0.0005891257293336,0.0009800236189228,0.0126682241951814,0.0076557713774493,0.0029574178979697,0.0011300839462059,0.0010718113612004,0.0006175883503334,0.0007582172765751,0.0015356341909845,0.0021832009231994,0.0036509627102612,0.0009919812881003,0.0028147679572191,0.0061160951574471,0.0053445728686886,0.0011797672195488,0.0010197702375972,0.0026251294291375,0.0021249283381938,0.001465740772553,0.0009448242828935,0.0015683072588778,0.0004879065860147,0.0043111607831565,0.0061105373675477,0.0096168291225496,0.0089246316532639,0.0016338218125401,0.0019295636023371,0.000944487447142,0.0014490674028548,0.0013872580424588,0.0007625961413443,0.0063043863425228,0.0055000225679953
sub-21713,ses-1,0.010935775776006,0.0013864866441583,0.0013389940946547,0.0342202717592702,0.2725625352804731,0.302756293379062,0.002638548009791,0.000116019861417,0.0013463891283145,0.0042240432264367,0.0048110445649378,0.003298842348564,0.0030857010450825,0.0125687635421553,0.0036033534012635,0.0020185155209431,0.0047983908406756,0.0023064288314285,0.0038937317229688,0.0019573832426893,0.0008946347387457,0.0027713299475034,0.0040061362345967,0.0013610148615526,0.0014732550390991,0.0027438861559218,0.0003373778689649,0.0006405742490137,0.0020102988168767,0.0059771592060363,0.0043050599285311,0.0004754184972798,0.0023381453091247,0.0009984938781446,0.0061511889981619,0.002365917768869,0.0055784847247363,0.0057816016492568,0.0070154219318621,0.0041974211052617,0.0012438446615662,0.0013312703928324,0.0024855529800753,0.0071396584973455,0.0006078717668296,0.0009763087771654,0.0153900510503823,0.0075223925727568,0.0015246916065546,0.0009375259339722,0.0013550988346248,0.0005681029191484,0.0007830518975245,0.0013291340497751,0.0021964893310206,0.0037676874825908,0.000886253700598,0.002394018896776,0.0038661235973059,0.0046352070979176,0.0012177155426352,0.0009237218711407,0.0027639349138437,0.0024183403408124,0.0012206735560991,0.0010155846226026,0.0024875249890512,0.0006665390338635,0.0040028495529702,0.0076305243982702,0.0122414100521514,0.007889021908198,0.0014673390121714,0.0019005236505501,0.0009644767233098,0.0012085128340809,0.0015720198219768,0.0010755665622871,0.006774836836799,0.0029062482282731
sub-21738,ses-1,0.0124684269196408,0.000791330970842,0.0011257993264735,0.0359808199080773,0.2607704100158868,0.3064184233308198,0.0040821415219433,0.0002193982206283,0.0013445465138062,0.0073356804168696,0.0051320954694755,0.0023443708975747,0.004348739656505,0.0078566698117,0.0016985458683067,0.0014605931987528,0.0032981346756771,0.0015442509772416,0.0030935474625244,0.0017561623149702,0.0011741385486742,0.0013390127307933,0.0051280265113778,0.0013500802968191,0.0013640775126752,0.0031680907748744,0.0004438419492978,0.0004928322047942,0.0028884719744,0.0064979633237137,0.0034446171671946,0.0004903908299356,0.0021321340431983,0.000629711955201,0.0024343762506959,0.0025491208690513,0.0071400449115318,0.006000736644174,0.0085282106561455,0.005386812246392,0.0012221522542272,0.001364403029323,0.0022307655874867,0.0057198157771083,0.001076971829301,0.0009749223602105,0.0108157788986762,0.0077894506239258,0.0017861098465693,0.0013473134053126,0.0016007281156378,0.0004205675089789,0.0005572845010619,0.0010268422655372,0.0020973037618819,0.003404904136161,0.0008969611230584,0.0020958389369667,0.0066857864295039,0.0063812656054715,0.0012646321767672,0.0009303265794596,0.0040281057584057,0.0011835785314609,0.0012345218868442,0.00127390940123,0.0019387771543953,0.0004902280716117,0.0028658485673768,0.0062077652321853,0.0087839039830054,0.0111785672026678,0.0017340271829187,0.0025964835413086,0.0010382353482108,0.0020997451367405,0.0014272277423516,0.0008896369984826,0.0064471827266543,0.0031858314321804
sub-21797,ses-1,0.0110030668356974,0.0020540988369319,0.001124440617526,0.0433321740709751,0.2413322655397364,0.2947335709108281,0.0023990808376564,0.000262067871795,0.0017724540180285,0.0070399688874601,0.0060354576349929,0.0027815716109919,0.0025116071554893,0.0088497671659391,0.0031207956860963,0.0019567076378718,0.0034591972003978,0.0012055451126891,0.0053885958196143,0.0021388225996277,0.0014463909157701,0.0011762619481069,0.0046464814632632,0.0013462030099802,0.0015242051677217,0.0033185393031067,0.0005387773258811,0.0006384716951892,0.0031578109222255,0.0068917434307826,0.0040208417165988,0.0004933719695626,0.0025552028780415,0.0006725257124281,0.0033792442903586,0.0025436870268013,0.0084935983382955,0.0076453736383739,0.0089441971461088,0.0058314625558806,0.0023260374383614,0.0019705266593601,0.0021505029630285,0.0125325363925576,0.0007551108170364,0.0011950163344124,0.0095066642231127,0.0068669020945359,0.0015640171105807,0.0016811497689097,0.0012632888810507,0.0006751579069973,0.0004180254000195,0.0009755571122061,0.0028634986669579,0.0027855199028456,0.0010443231953262,0.0026744741944579,0.0092654893957106,0.0074616135550123,0.0013085297252087,0.0008595760390012,0.003285965895313,0.0015814553996016,0.0016992461065729,0.0012828658281591,0.00141200787421,0.0008215737299085,0.0034547553720623,0.0068399221002017,0.0066862677422252,0.0062990061162331,0.0019596688567622,0.0037289971437398,0.0013427482546082,0.0019180472801369,0.0012810561943928,0.0010617614843471,0.0051979262255086,0.0037533449435048
sub-21827,ses-1,0.0135096021761433,0.0011709199491832,0.0013232472487484,0.0356013346675221,0.2410954777597868,0.3005427878152521,0.0037606550039688,0.0001562594296325,0.001548233473471,0.0059262328980123,0.0061134364816531,0.0028593424076637,0.0045657158947126,0.0091411766335051,0.002582896567712,0.0025787934754678,0.0036750029533716,0.0008936192983472,0.0019183665863315,0.0028810546041225,0.0014754035861368,0.0015584912040814,0.004401934129299,0.0014318082310423,0.0011545075802064,0.0029426009877852,0.0005334019917435,0.0006776940689972,0.0040271850376638,0.008214048748497,0.0040254754158954,0.000526392542493,0.0024156955587616,0.0006729071280457,0.0026873544577618,0.0025411817965628,0.0071834887465001,0.0071183521571238,0.007909907035897,0.0050926213237362,0.0025105795669083,0.0017580040644547,0.0023160246096634,0.0064921177033556,0.0009071253103177,0.0009387533130332,0.0105191317788426,0.0092907685382409,0.0021392497188099,0.0016116604410789,0.0013728262800322,0.0006303375460123,0.0003381631857912,0.0013148701020832,0.0031286078361881,0.0032922186394248,0.0009549947198331,0.003179212640533,0.0087033424986156,0.006297220821757,0.0012851226833129,0.0007084672608286,0.0024688647957591,0.0015200247142922,0.0015472077004099,0.0011751940036042,0.0014015479257415,0.0008821648324989,0.0038162177114421,0.0076153392052002,0.0087356543500385,0.0079458090930336,0.0023705615440756,0.0034780545256509,0.001360175078946,0.0016708133542659,0.0015791776274792,0.0011493787149012,0.0054523257438094,0.0037474909163521
sub-21855,ses-1,0.0133929886782157,0.0014836408987275,0.0016106943118264,0.0290874369117446,0.2625062260069762,0.305223142428435,0.0030807724535728,0.0003501373813745,0.0016359491006878,0.0049736344681099,0.0054929165773525,0.0034695714870315,0.0032475787750647,0.0098677631194341,0.0022121324317477,0.0021394859403316,0.0040145760664107,0.0011974199582984,0.0055239394352748,0.002453611863515,0.0011383362238634,0.0020384667848861,0.004700976284662,0.0012155036342732,0.0017492838630473,0.0019692499561548,0.000429487304402,0.0004620690999084,0.0020397139349533,0.0051232924761774,0.0034952939571681,0.0004750082818559,0.0026268098291014,0.0007520314905391,0.0047938889646705,0.0026824639008515,0.0074180485998791,0.0059822670849815,0.006419237289787,0.0065815226922852,0.001482705536177,0.0012452793421283,0.001934173860514,0.0083336126429838,0.0007849250735623,0.0011715415944034,0.015343843170879,0.0075719157394235,0.0019973108326675,0.0016131886119609,0.0015380478204103,0.0006068944014654,0.0001611941461893,0.0009080811427012,0.001960052224409,0.002908977531812,0.0007691798039635,0.0023664672525673,0.0071022078453533,0.0062433891303076,0.0012805113315275,0.0009970964787497,0.0017887249839234,0.0014727283356392,0.0037200927567862,0.0014152035387883,0.0012399789543426,0.0005280121597131,0.0031894304031802,0.0061754194516437,0.0076260108735896,0.0066527661398756,0.0015235497008788,0.0023895395288111,0.0012159713155484,0.0018833524952744,0.0012889295944813,0.000549213710856,0.0071873258374417,0.003180856246468
sub-21856,ses-1,0.0107441243898151,0.0015637035219447,0.0009193675400796,0.0351173879424508,0.2562114469128618,0.2819419746371199,0.0032707216811519,0.0001719775647148,0.0015907096327815,0.0055828092684309,0.0052986652188298,0.0031824133555324,0.0038984894968595,0.0069016352945679,0.0029247783717833,0.0019320138556259,0.0033565447818477,0.0013418557770958,0.0024052006810841,0.0023617920857515,0.0015534312589271,0.0013509682684824,0.0043773094988113,0.0010772621635606,0.001065001720604,0.003011429880787,0.0006536141549133,0.0007076263765867,0.0032563073765949,0.0071302759875414,0.004756720503818,0.0006812829923963,0.0028505529873977,0.000804218785285,0.002265696722038,0.0032884496189404,0.0083496930167333,0.007944767035844,0.0074392722863787,0.0060584813188127,0.001886782762016,0.0015567448921586,0.0027067413051506,0.0090231889710356,0.0008948466541665,0.0011619254926254,0.0176885055530694,0.0070326894888737,0.0014149213898504,0.0019026882015272,0.0017539060694328,0.000640856666972,0.000559009926154,0.0012810506072978,0.0025998766334347,0.0041251420098941,0.0008085265084859,0.0031207797774265,0.0075564092211122,0.0066350535010937,0.0012722694792343,0.000618655324321,0.0030680930090457,0.0013673707529784,0.0015363660477849,0.0013189917077985,0.0015688396534536,0.0008481244256023,0.0036912217382292,0.0069390793500838,0.006889871896596,0.0088985963615313,0.0018995402499572,0.003248851701824,0.0008946809725049,0.0021124411850811,0.0018483446165306,0.0013438439570347,0.006477821604259,0.0042237225985312
sub-22045,ses-1,0.0098305835145947,0.0007292525434302,0.0009313489568925,0.0391400209225215,0.2679291922385426,0.2947251301176866,0.0031056334929525,0.0001986855035304,0.0013568599708912,0.0063763550266068,0.0043913759917646,0.0027159370332382,0.0030493534790769,0.010298560357245,0.0032227982491117,0.0022687667411723,0.003815955486261,0.0011696010156325,0.001813751356263,0.0016229109455758,0.0012951225011247,0.0018050535359368,0.0042864905113602,0.0009802955144146,0.0010918322691862,0.0020086848588684,0.0005972503290675,0.0006206150621007,0.0026893319357698,0.0059105952754122,0.0046292869595114,0.000571497959082,0.0029717552781273,0.0008193005656311,0.0029357701783462,0.0026313464669283,0.0072771763396092,0.0069700239002458,0.0069906599053336,0.0049826572284514,0.0013294021459398,0.0010034897019512,0.0040015089865538,0.0068339285939649,0.0008387427522427,0.0011020649989818,0.013446318587856,0.0080637321698946,0.0019409782967211,0.0014847690933357,0.0018405269992281,0.0004275575599578,0.0004794033909219,0.00145202435799,0.0016843073243492,0.0039571671574397,0.0010411802566982,0.0026937661186812,0.0068433085962775,0.0060601636759239,0.0013969381625905,0.0005114659442814,0.0031347967728698,0.0011805159274144,0.0014542414494457,0.0008413009346916,0.0014498072665343,0.0007110041752948,0.003321032455149,0.005731863594983,0.0070336373704749,0.0073001999816493,0.0016401360407317,0.0023201009356467,0.0009052554959139,0.0014105818023179,0.0014571407228877,0.0017230211520757,0.0063714092072056,0.0034733295836063
sub-22064,ses-1,0.0114764701442816,0.0015211285436395,0.0009626348049857,0.0302946740212766,0.2580280025936443,0.3079770791962299,0.0028395373315165,0.0001199438747065,0.0015410921384824,0.0054753810733759,0.0053234629857909,0.0026679802603869,0.0023862176534985,0.0083804898871407,0.0033827743391522,0.0012562457242605,0.0047654561640845,0.0013705089012475,0.0058046992354592,0.0013958285825117,0.0017147591830507,0.0016253287703805,0.0040207978458794,0.0010942646864295,0.0014677299850759,0.0032730557203408,0.0004073871793144,0.0003606431523652,0.0025342404055044,0.0058666999934266,0.0028896897770975,0.0004359529735612,0.00169625633905,0.0008365233156122,0.0051889116026627,0.0026861584930894,0.0054237678769528,0.007503227853597,0.0073469275134855,0.0057628243779838,0.0013713204294932,0.0018431429515119,0.001618511933117,0.0089927067956563,0.0007740356406974,0.0009209222531594,0.0111150154636707,0.0087260386141369,0.0016112081789062,0.0016504861459955,0.0014476040845839,0.0011035161084299,0.0003710307139095,0.0009186499740716,0.0016949578938569,0.0020536533784326,0.0011130921417285,0.0017491679806661,0.0073446552343977,0.0113450025684868,0.0008790473956841,0.0003059461486086,0.0044843427797926,0.0015334637729733,0.0013323670737021,0.0017231990768054,0.0016884656678918,0.0007108987431862,0.0038912779378742,0.0057066666233851,0.0088954857118279,0.0072876859515533,0.0010420022674099,0.0032972392620611,0.0011473386336948,0.0014829867160941,0.0011014061349912,0.0011710352584676,0.0059584026851846,0.0053981235843904
sub-22169,ses-1,0.0074055749247326,0.0018743016375562,0.0013368508010586,0.0441832325048324,0.2183440041361666,0.2553862404494764,0.0030976748626739,0.0001877133520021,0.0010362667050723,0.0043637286020938,0.0053866450041143,0.0032439213642876,0.0030003794722503,0.0161057246908595,0.0040388712278314,0.0013716424999211,0.0071577852089969,0.0017980430883053,0.0032451350282015,0.0016168026105101,0.0019092956137377,0.003008875119647,0.0037346461401037,0.0016497738135019,0.0018927088735823,0.0040384666731934,0.0004266028657032,0.0007969726367333,0.0025270505458655,0.0091455644224942,0.0047510896679172,0.0006717629762922,0.0029196708219822,0.0006529511856282,0.0030996976358636,0.0026316279197719,0.0062042499273824,0.0088892790593619,0.0102570782902226,0.004632757436321,0.0018852246127805,0.0028122615656102,0.0022895769733972,0.0090895336051401,0.0016997363112869,0.0012642332435491,0.0119845265942082,0.0091330232287182,0.0024596921986492,0.0016297483589241,0.002095997579145,0.0004324689079533,0.0008337871087855,0.0012017295519881,0.0016809245206229,0.0016847677896833,0.0018277778541936,0.003625820942499,0.0079100545582384,0.0050308392000498,0.0035993226137142,0.0005908520487051,0.0026356734661513,0.000881322278743,0.0017640604987187,0.0008730289086653,0.0024617149718389,0.0006001568053776,0.0051271232038785,0.0077191047691328,0.0112545077500532,0.0114701353720729,0.0019754402970401,0.0029759039166552,0.000767440148164,0.0009320938858039,0.0019313438415052,0.0006264528568434,0.0093245798497807,0.0059427053539569
sub-22473,ses-1,0.008992601450083,0.0015506081538949,0.0015758907762227,0.0412678273645572,0.2438970064306883,0.282686958760482,0.0041376257765949,0.0003021451414811,0.0017010575614091,0.0056748804327815,0.0067559796072504,0.003639629335391,0.0029819250615952,0.010830754921298,0.0027513546678308,0.0019634983030375,0.003625207557866,0.0016437265445812,0.0016638458144618,0.0022786408489548,0.001529954744106,0.0020443314758321,0.0041395842895921,0.0010983696981717,0.0015596885323366,0.0026828067129279,0.0005051183066482,0.001130774185944,0.0038636120036193,0.0055231846988145,0.0042766801993979,0.0005213205505344,0.0026796018734779,0.0011213377142301,0.0030584851151231,0.0029687496105229,0.0091054830173777,0.0088336058040354,0.0089454190915134,0.0047946178638463,0.0021842761318157,0.0013225304130361,0.0030301756999814,0.0071077997602067,0.0010869747134606,0.0009728468197131,0.0148017290464926,0.0079868160026892,0.0022076002411463,0.0018210609941483,0.0019072355660262,0.0006799601033097,0.0003632151376674,0.0012801553136416,0.0017106720797591,0.0044342514723566,0.0011913100422219,0.0028733166135672,0.0071617478909485,0.0052213956506055,0.00132555720585,0.0006407898433652,0.0043057018010841,0.0015208743656643,0.0017961344650927,0.0014923869038865,0.0025245232534248,0.0006949160207431,0.0033269794423793,0.0060208250467461,0.0083493189538122,0.0062782804825633,0.0025101014758997,0.001753581319062,0.0010066756805743,0.0014866894115309,0.0014428899390475,0.0013216401798555,0.0059433747600376,0.0028980650959867
sub-22510,ses-1,0.0078607978283695,0.0014269458909335,0.0013851397887076,0.029593003302146,0.2634275751263696,0.3207598205481994,0.0035817467411339,0.0002579829556163,0.0015557587101852,0.0044337693971828,0.0061613976387413,0.0027259722553981,0.0037600479805419,0.0101049279568303,0.0041489876580882,0.0014923349226202,0.0028769387356584,0.0012130915987779,0.0018242825206364,0.0017678264167757,0.0013876410084989,0.0026187771214854,0.0046131425879299,0.0011105415873348,0.0017276282415585,0.0020002611988096,0.0002726329572511,0.0006017220183628,0.0020072288825139,0.0055716457436653,0.0036285552829424,0.000357317113042,0.0022083984171566,0.000743398253684,0.0025037210110859,0.0019423758264968,0.0054876762221004,0.007368950822267,0.0085348765621234,0.0051040963012497,0.0011452013472999,0.0013640580790381,0.0029916375289449,0.0091201619932863,0.0006356671441018,0.0010044184047613,0.0120966135449269,0.0082799308019678,0.0018433989861841,0.0009345629091615,0.0015425379770027,0.0004809488341546,0.0002608414925207,0.000870603145927,0.0023516825794865,0.0028236984858151,0.0012497166028647,0.0031588619378486,0.0055359140323611,0.0057930036951949,0.0013515519800817,0.0005023878609371,0.002156766094322,0.0011559208606911,0.0017831910526365,0.0012329226985517,0.0013211800254731,0.0006658604401539,0.0037923851792722,0.0076935734194658,0.0086242058403839,0.0060375872590722,0.0011578861048129,0.0018098111775581,0.0009786915726222,0.0019968666862357,0.0018941380162361,0.0006344165342062,0.007364841675467,0.002492108204912
sub-22520,ses-1,0.0081672701224669,0.001953531395252,0.0017402401182231,0.0511897058366164,0.2232784454416764,0.2573895996926037,0.0031845210326668,0.0001464747245823,0.0013335219446225,0.0055138704541418,0.0055331328836759,0.0025017080357438,0.0038340260785204,0.0125065336756427,0.0041141339079958,0.0012187499686483,0.0057727093510066,0.0024338882317591,0.0029252808351868,0.0014912330864331,0.0012917866806319,0.0024995008823597,0.0027452975092274,0.0011888530728089,0.0015510268781119,0.0026834972144721,0.0007945752182824,0.001120030017286,0.0028052919512138,0.0052482094468171,0.0055355406873677,0.0004767451309694,0.0033426334750927,0.0007791251445936,0.003810951293141,0.0036227413045681,0.0088486785672364,0.0079925037045063,0.0105110663660925,0.0063240963964208,0.0014043515032219,0.0022900219611761,0.0024401083912961,0.010368604647663,0.0008796509487248,0.0009127582494865,0.016831350406668,0.0094867465455541,0.0023365728325502,0.0018526042905055,0.0010174977100783,0.0006013489720183,0.0004311975111335,0.0009440596974795,0.0015173176264272,0.0022224028074991,0.0016856632345431,0.0028947819884244,0.0066397193303496,0.0051653408697588,0.0013361303986219,0.0008178506539695,0.0028769241110438,0.0012137337109572,0.0014733752090525,0.0009241953170224,0.0020917794572208,0.0004516638425135,0.0065901587043608,0.0087563794257187,0.0124637951601139,0.0095850651963012,0.0016216557864037,0.001796020903749,0.0007446132916783,0.0015983803507166,0.0015564444364184,0.0008613917707289,0.0085613473266857,0.0045571697872805
sub-22617,ses-1,0.0108853322692234,0.0016468876132751,0.0014738237046663,0.0325791544100795,0.2641277107166834,0.3031599413840798,0.0037246656007592,0.0001823321802479,0.0015348257834554,0.0058128914580912,0.0056782487482777,0.0034724000981425,0.003175309863598,0.011135912631542,0.0033397795566867,0.0021842788543202,0.0027664948272933,0.0014300100569172,0.0018388250932219,0.0017222133845975,0.001351988061118,0.0017889449403999,0.0045793687599254,0.0010505164617985,0.0019254413045412,0.0021964118644661,0.0003579237993038,0.0011162369334221,0.0026874617473152,0.0048201753085154,0.0039240176980174,0.0004696486010639,0.0027348141896901,0.0009544634648102,0.0022358441474403,0.0027862109687804,0.0064734664549231,0.007415291367498,0.0094357745848488,0.0058258670383861,0.0019775121397507,0.0012517222133845,0.0023136976292098,0.0093307903442809,0.00146202772258,0.0013010968241171,0.0146425210777348,0.0077961330748552,0.002291959319365,0.0013016023662066,0.0016689629511794,0.0006464198183283,0.0001658178053272,0.0010441129286659,0.0014116420276686,0.0034211718330821,0.0009851330182345,0.0023202696763721,0.0068945830154035,0.0053297617346429,0.0015317925309189,0.0005389078673134,0.0029695542332072,0.0013226666199321,0.0020669930895766,0.0015643157386711,0.0012999172259085,0.0003897729509368,0.0027268940302893,0.0070384939968562,0.0073418192505035,0.0057441377339311,0.0011556692163962,0.0024854134255801,0.0008653195430438,0.0017154728234053,0.0015456106813628,0.0010570885089609,0.0061015559911455,0.0030066273197641
sub-22618,ses-1,0.0120566999549422,0.0015368086187008,0.0013154948655024,0.0469826726307364,0.229454660355496,0.2673292643896927,0.0029534385075946,0.0001133377867256,0.0015225720614775,0.0068403884102591,0.0049783576596653,0.0028976016208227,0.0048067794115716,0.0105302451960401,0.0034602229666729,0.0020347183408087,0.0038002363268499,0.0018649889962506,0.003879739178876,0.001861106298826,0.0014343793628345,0.0019027066283746,0.0044556726301817,0.0015795182903706,0.0014837450872321,0.0029719275429495,0.0003298443907317,0.0005417287358991,0.0031213189486173,0.0082030303159166,0.0058530739223064,0.0006559909743925,0.002952883836534,0.0006517384962608,0.0035646860164282,0.0019496687781761,0.0099116020730646,0.0067459094395954,0.0109956142159234,0.0067584819836368,0.0020119768273222,0.0020820502713173,0.0019962611472705,0.0116858099057225,0.000864917073903,0.0009934158696197,0.0104999231780581,0.0097932722467931,0.0032927123063573,0.0020471059944965,0.0014911407013741,0.000675034680808,0.0004968003799866,0.001253741487417,0.0034075292159114,0.0023555031042165,0.0011514971219043,0.0033082430960555,0.0077293412301235,0.0057014638323961,0.0016795439716407,0.0011396641392771,0.0031529351990742,0.0011967952585238,0.0014458425647546,0.0012946022555513,0.0013680037259104,0.0007064660409114,0.0036667454915873,0.0089694008313779,0.0100406555398419,0.0107981513183329,0.0017379693233623,0.0023288788933055,0.0010631195329078,0.0011402188103378,0.001802865837458,0.0010727338312923,0.006122274277074,0.0050842998322489
sub-22653,ses-1,0.0090239637166399,0.0015182406717539,0.0020138426636474,0.0404211587490755,0.2743848220787011,0.279795450204592,0.0022890341257634,0.0002637940869314,0.001106648364688,0.0043225464530357,0.0051563931278239,0.0027318773002706,0.0019485834992846,0.0114324864532085,0.0055578748601293,0.0014583125377193,0.0041657406299329,0.0019833271107341,0.0024315013155696,0.0010448819443333,0.0014300029283901,0.0015171376999618,0.0032761938796462,0.0011347741453852,0.0012119821708286,0.0017949027629259,0.0004533214065316,0.000714909549879,0.001958877902677,0.0052521678451001,0.0048732970345316,0.0004717042697324,0.0030351945430838,0.0012643733309509,0.0022171571306482,0.0025767259348559,0.0083436139495783,0.0063450290623875,0.0107730931501958,0.006747429937853,0.0015627272006998,0.0008599503405333,0.0030769236425496,0.0101949521025307,0.0008818259477422,0.0010886331587512,0.0146009567544981,0.0079630886813218,0.0020162324358635,0.0015366235349547,0.0014101494361332,0.0006090242578424,0.0004586524368599,0.001267314589063,0.0021995095819755,0.002970486864617,0.0012038937110202,0.0023296602534371,0.005043338519139,0.0049221954506457,0.0015928750963491,0.0007494693326965,0.0021243236714842,0.0012261369754932,0.0019037293130746,0.0011704368999948,0.0018649414717209,0.0003739074375042,0.0036282257099415,0.0094497108283704,0.0073932199220971,0.0069364057715572,0.0016312952804388,0.0020439905592967,0.0006941369144621,0.0010902876164393,0.0014855191752565,0.0009169372164558,0.0062273787379024,0.0039192264344102
sub-22654,ses-1,0.0108378481023185,0.0013485629589655,0.000977832892406,0.0463381165397171,0.224625458214785,0.293439685674129,0.0027050727737945,0.000171873859372,0.0015701508701345,0.0050272179813322,0.0050466230944871,0.0026087864504259,0.0045736927653117,0.0125109384774748,0.0033286237431724,0.0014126922376775,0.0034215834757145,0.0031597068534239,0.0057028855403261,0.0016403788986951,0.0013230590959619,0.0026010244051639,0.0035655509342637,0.0011210611085494,0.0017773235543883,0.0029915292060813,0.0003073400302534,0.000602667371411,0.0027139436826654,0.0073382745527814,0.0047889971160305,0.0003175046133346,0.0025845762616326,0.000606918015245,0.0041135143676381,0.0025659103908836,0.008885508908333,0.0075715055318433,0.0093309024578885,0.0063249580248921,0.00172742469199,0.0015076848868358,0.0018166882125026,0.0089869699285429,0.0009617543700776,0.0013626085646777,0.0094977864310208,0.0083447530884161,0.0020915015768964,0.0018477363935504,0.0011341826612541,0.0006222572951674,0.0006791789604218,0.0010798483444204,0.0018968960135429,0.0028381364068568,0.0011822334176377,0.0034317480587956,0.0063207073810582,0.0059655014050225,0.0019456860123324,0.0011855600084643,0.0030719218177231,0.0013328540578401,0.0012929349679215,0.0011225395933612,0.001082435692841,0.0004647986627104,0.0035984472213264,0.0099191546023846,0.0109849573410929,0.0099402230109528,0.0015041734854078,0.0021160813868926,0.0011234636463686,0.0014208239041424,0.0021025902129849,0.0008499439561851,0.0055480142562897,0.0052794844523461
sub-22670,ses-1,0.0100245748963412,0.0021544744692846,0.0015773762049964,0.0310628155644482,0.2547697885201036,0.293314243313655,0.0041089319265148,0.0002167976099799,0.00158335549851,0.0051122959541978,0.0047491020933506,0.0039642715995709,0.0029333256695506,0.0098235934821071,0.0023429186551835,0.0008531101680972,0.0046937454082401,0.0027408309944973,0.0037906792072382,0.0017247368580432,0.0012315415833825,0.0017677491952546,0.0028407430603065,0.0010490766909972,0.0013414834318598,0.001611901803027,0.0005965791883166,0.0007333314173876,0.0024470740905832,0.0045874682880453,0.0045851537228142,0.000430509132985,0.0029757593654542,0.0004542334266038,0.0040371804043506,0.0021419372409495,0.0091475475541892,0.0090626801623821,0.0115384934379182,0.0037929937724693,0.0022406920241432,0.0008469379941476,0.0022682739264805,0.0111683558813777,0.0008452020702242,0.0009584228861123,0.0182181358144443,0.0101653776145666,0.0020100070227766,0.0012793759314919,0.0014894227262145,0.0004580910353223,0.0001924946750533,0.0008857069617685,0.0009879335928089,0.0029373761587051,0.0014400453346176,0.0035142815425574,0.0061027369926738,0.0042256245902496,0.0018080612063629,0.0009119387010544,0.0031144403988844,0.0014352233237195,0.0012136037028414,0.0008953509835648,0.0013835313668915,0.0005371720140517,0.0038037950768811,0.0090516859775344,0.0095765136436869,0.0066401018871614,0.0019974697944415,0.0020927527297885,0.0008797276682549,0.0007456757652868,0.0011705913656301,0.000704013591127,0.0051925342155427,0.003608021434417
sub-22744,ses-1,0.0124889012227622,0.0016216689143328,0.0016765219935215,0.0330155728062698,0.2786522752237014,0.304923824281493,0.0037238576376333,0.0003487698897948,0.0012836645821357,0.0042262503255299,0.00545642888341,0.0037183894179011,0.0026780606138486,0.0105136777263689,0.0041242338511509,0.0014986339703581,0.004212750658066,0.0030637409868359,0.0028562904007453,0.0017353053556427,0.001156015827762,0.0018212589345583,0.0044065306948261,0.0011811354621568,0.0014094336359765,0.0020651073582415,0.0003938827025855,0.0006681480985291,0.0010768975235116,0.0036423469872501,0.003208819691606,0.0005432334540214,0.0022674314883332,0.0007464119934463,0.0039952180418441,0.0033913215251685,0.0055415280529925,0.0059663403734383,0.0088450162987124,0.0046732772886379,0.0009571093350029,0.0008417640750267,0.0033549236875759,0.0091093705463913,0.0008796998494188,0.0007718733915744,0.0134316564809682,0.0073057124440959,0.0016590920431251,0.0014007186607783,0.0013063918703977,0.0007575193147773,0.0003610733841923,0.0010611763917815,0.0024723188464243,0.0038957647954646,0.0009859883704636,0.0020022228313211,0.004847576792602,0.0041109050655537,0.0012981895407994,0.0008796998494188,0.0028849985543394,0.0014456605917023,0.0019586479553301,0.0010187976888569,0.0022342804062067,0.0004634316223045,0.0043135709593786,0.0055548568385897,0.0087689738680614,0.0081999372521785,0.001469925816764,0.0022691403069995,0.0010222153261895,0.0009080662392797,0.0013745737351836,0.0009108003491458,0.0063202367192322,0.0025094002114833
sub-22745,ses-1,0.0108299006562983,0.0010280469822217,0.0015733010787943,0.0429862230313279,0.2145187572535217,0.2888447504769549,0.0031052144859129,0.0002213670879539,0.0020633083292309,0.0042538173007681,0.0052883192409576,0.0025922351791791,0.0035912348505458,0.0139316978115224,0.0034165712820059,0.0017348648796938,0.0046637071317223,0.0018776333618047,0.0054580466651693,0.0020390073109993,0.0016866425466403,0.0023332774536481,0.0033537303676725,0.0008911639029637,0.0020686241769691,0.002712031604993,0.000733207284458,0.0006354336564166,0.0035020045492265,0.0087751356537894,0.0065383028662481,0.0007330174327531,0.0028593565280223,0.0010210224691391,0.0024988281403512,0.0036971721018994,0.0084408068013993,0.0061325897728025,0.0096118121174369,0.0048590645361002,0.001751571829728,0.0015571636838748,0.0019045923039054,0.0088356983476636,0.0010719027260616,0.001184294935383,0.010493103731744,0.0091791400818906,0.0012989653651636,0.0019148442959719,0.001990215422831,0.0005631001568364,0.0005689855596894,0.0015112195712806,0.0033307583113754,0.0026993115407623,0.0011098730670485,0.0050043010903752,0.0070140712388146,0.0046891472601835,0.0015734909304992,0.0010531074072731,0.0030106683368553,0.0011482231114454,0.0010633593993395,0.0009944432304482,0.0007799108038719,0.0006849849514046,0.0033153803232756,0.0091208556084756,0.0077599985875033,0.0112914301509947,0.0016182959328638,0.0028483451291361,0.0010307049060908,0.0015436842128245,0.0018698494419024,0.0008778742836183,0.0066053205180901,0.0066262042056329
sub-22797,ses-1,0.0093704450081293,0.0023788707694956,0.001131261741439,0.0351316000462572,0.2667058245986327,0.2988968833888638,0.0035210455695886,0.0003904058724928,0.0010656073724399,0.0057531180984804,0.0068060522415158,0.0031918936392181,0.0027294967830239,0.0104774163932094,0.0025647448007636,0.0015380372019128,0.0057196748542182,0.0021171333788748,0.0028511245818934,0.0015609194216712,0.0012412724133542,0.0022968468125155,0.0039026505883282,0.0012395122426036,0.0018437788612997,0.0013752214074782,0.0004773583075747,0.0005725835451845,0.0014195777103945,0.0034282845710296,0.0047452443266616,0.0005206585080405,0.0023269457323516,0.001101338838678,0.0051317778235031,0.0033427402725483,0.006003414379222,0.0065057671114559,0.0102200794294652,0.0067557113580474,0.0014410517935523,0.0014787194476161,0.0024851850828345,0.0084408988347141,0.0006676327657193,0.0012338796962015,0.0156204593095166,0.0084931759060082,0.00224069736557,0.0011761460955804,0.0015195554090311,0.0007795796254603,0.0003875895992918,0.0012025486568401,0.0016263977735952,0.0041082385320035,0.0009763667153823,0.0021380794108074,0.0082180612176826,0.0070281857902471,0.0016330864224476,0.001639599054225,0.0027294967830239,0.0019673428479949,0.0020836901346125,0.0010318120940276,0.0014704466450881,0.0004576443951674,0.0043124183390782,0.0058976281171083,0.0093304891320897,0.0073842683331024,0.0019328435012823,0.0018238889318174,0.0007005479587563,0.0012363439352524,0.0010650793212147,0.0006720331925959,0.0058076833917504,0.003866391070865
sub-22798,ses-1,0.0134626900666322,0.0009463726145627,0.0012071746094108,0.0370635873680741,0.2428662634302136,0.2909035353423338,0.0026997066027064,6.633915586493586e-05,0.000985185971427,0.0042657067357808,0.0039395557217224,0.0022824630164156,0.0034755776853298,0.0138959738667291,0.0039183667973118,0.0015364940607642,0.0030213029881532,0.0029923909978359,0.0029205070767046,0.0019095775522554,0.0013301495819246,0.0023135533073732,0.0030321944913549,0.0012418293923254,0.0016073878452408,0.0017545221521293,0.0003079324996118,0.0004936821360336,0.001540652634714,0.009915624514833,0.0034741914940132,0.0003992230991752,0.0020971094346557,0.0005536844173085,0.0076644498167059,0.0024769258553988,0.0073406751306188,0.0043744237404669,0.0109994280970682,0.0051374230465791,0.0023202862366252,0.0013311397185793,0.0027652536492476,0.0082484324156482,0.0007449788189966,0.0010659811224505,0.0098144325487226,0.007938321615396,0.0023565252381872,0.0010673673137671,0.0014467876798484,0.0009059750390509,0.0006625994493255,0.0010230091916365,0.0021897862255357,0.0025024713810901,0.0016359037808962,0.0030506110331323,0.0056924936552043,0.0039763888052773,0.0021002778719507,0.0009570660904335,0.0031381391134078,0.0020505730118848,0.00164303276481,0.0011289538136895,0.0010077610871542,0.000333874079965,0.0038627211173177,0.0097134386099431,0.0092696593613064,0.0088486532557277,0.0008988460551371,0.0026133666864165,0.000948748942534,0.0010358809681477,0.0013725274307458,0.0009871662447364,0.0067131265188696,0.0051792068134075
sub-22870,ses-1,0.0089957575294297,0.0020119247821434,0.0014841002904754,0.0391064057483565,0.2504102965907353,0.2817531722978137,0.0029317000458645,0.0002140345512918,0.001664309738572,0.006287647148754,0.0056388549151505,0.0032214110992203,0.0024835652040972,0.0105958569026142,0.0035459027671609,0.0011519645314172,0.0049856673291545,0.0015022550068796,0.0038331294909035,0.0015032105182693,0.001768078275493,0.0020398257147225,0.0028571701574682,0.0011875095551138,0.0016088900779697,0.0021300259899097,0.0007458721907965,0.0008832747286347,0.0028351933955052,0.0058830836263568,0.0045499541354532,0.0005775110839321,0.0029978214340314,0.0006870126891912,0.0027501528818223,0.003096430209448,0.0072748815165876,0.0071640421953829,0.0100525531264332,0.00613036997401,0.001410143708913,0.0016671762727411,0.0032193089741629,0.0106508943586607,0.0010187662436936,0.001005006879682,0.0134881898792233,0.0061307521785659,0.0019928145543494,0.0016967971258217,0.0013350405136829,0.0007351704632319,0.0004748891606787,0.0008584314325026,0.0015288182235132,0.0024667482036385,0.0010319523008714,0.0031602583702797,0.0106893059165265,0.0073633618712735,0.0013526219232533,0.0006587295520562,0.0024373184528359,0.0010256459256994,0.0022318835040513,0.0011945803393976,0.0023847653264026,0.0007753019415991,0.0036664883045405,0.006375554196606,0.0074608240330224,0.0082263797584467,0.0013820516740559,0.0024535621464607,0.0010262192325332,0.0011945803393976,0.0013449778321357,0.0015335957804617,0.0063730698669928,0.0046569714110992
sub-23113,ses-1,0.0134354208423102,0.001089562356973,0.00096553516079,0.033361475607126,0.264006976437777,0.2953391168527565,0.0029104067282361,0.0002325969969961,0.0014401140019711,0.0060088784334739,0.0044640589795322,0.0029232878910445,0.0025996026713323,0.0132063201609335,0.0035114049815504,0.001501575550228,0.0048151626743649,0.0019560965807505,0.0057273330178061,0.0013576745599978,0.0014592517295721,0.001913588743483,0.0030134560307028,0.0012329112973686,0.0009992102007032,0.0015085681814668,0.0009848569050025,0.0005319920239839,0.0022913748469901,0.0046727338170271,0.0046248894980247,0.0006554671703324,0.0022952391958326,0.0007686373864341,0.0025256279934902,0.0026073313690173,0.0073590083123983,0.0064488621516841,0.0104733054462292,0.0046988641758668,0.0012542572243081,0.0015161128625403,0.002540349322414,0.0115486985241131,0.0011274697789518,0.0012360395797649,0.0173231397944755,0.0083146065761648,0.0022845662323629,0.0011789944301852,0.0013762602377641,0.0002524707910432,0.0004416398677141,0.0007454512933791,0.0014458185169291,0.0025169792127474,0.0010884582573038,0.0032786239679428,0.0059562496825713,0.0049264927243512,0.0011510239052299,0.0004885641036587,0.003058908133755,0.0012157977524947,0.0012439522940614,0.001476365274446,0.0011179009151514,0.0003667451068142,0.0033115629414098,0.0073660009436371,0.0101694940205642,0.0081554322071762,0.0015950559888942,0.0020773635277603,0.0006273126287656,0.0009421650511234,0.0013026535931451,0.0011666653172115,0.0051979172263838,0.003886982885719
sub-23303,ses-1,0.0084243534181888,0.0015946618683068,0.0019437800019993,0.0479888247350742,0.2151811287165672,0.244491806613382,0.0026873166884783,0.0001622539049287,0.0014040952014442,0.0047992309382696,0.0065657294924676,0.0025821238883701,0.0037906432419941,0.0113052858401997,0.0036207666703908,0.0016552076207501,0.0054423662151216,0.0025792926121767,0.0028138529552752,0.0018144124590091,0.001815936992344,0.0018298755828345,0.0031026431270008,0.0016072937159389,0.0011924028583693,0.0022600117737531,0.0008763888770919,0.000797113143677,0.0019518382496266,0.0078528712080772,0.0056035311676683,0.0006172182101586,0.003433249070198,0.0009835417914878,0.0051289657195612,0.0045958146332985,0.0076170041221203,0.009209488085663,0.0127198349845118,0.0050089631670568,0.0022316990118192,0.0014633342110289,0.0037224748228764,0.0070692610739379,0.0009382413723936,0.0011893537916995,0.0165586099217936,0.0132836945279489,0.0017697654113441,0.0016806891064906,0.0016334285731086,0.0007348250674224,0.0006185249530171,0.0015670024778022,0.0016641370302831,0.0032372376414249,0.0020735831259423,0.0034554636987922,0.0067393085021699,0.0051019597004858,0.0017270784779668,0.0008147541722666,0.0044032878521481,0.0014552759634016,0.0015650423635145,0.0009299653342898,0.0018098388590044,0.0003573941717961,0.0059478579108797,0.0095492412288696,0.0109725019922383,0.0123197538793384,0.0019230899067399,0.0020206600401736,0.000854392038974,0.0013250372585057,0.0019531449924851,0.0016064225540332,0.0095298578764688,0.0043253188615917
sub-23582,ses-1,0.0109797044434592,0.0007923960101247,0.0015808479677104,0.0400742629238086,0.2518811786048057,0.2916347183471408,0.0026466385288397,0.0001326635854054,0.0017647842361239,0.0043832765718438,0.0047296360948214,0.0027972296257865,0.0039205674989633,0.0153895137323842,0.0040883690069897,0.0016837518839573,0.0053590710250359,0.0007402269515396,0.0020682970065179,0.0019270282155725,0.0017549241047762,0.0022708778869344,0.0031043278984886,0.0009856545845397,0.0005831819504379,0.0029582186794272,0.0006333789827535,0.0013126523950527,0.0020580783249393,0.0074623266790593,0.0046914504952385,0.0006674412546819,0.0029643140333512,0.0009661135969597,0.002107020431447,0.0013632079775992,0.0083386234431973,0.0065750941328812,0.0080980362383132,0.0053242916526458,0.0028823853056076,0.0013088876176291,0.0027129703215424,0.0096896407129484,0.0014641398675766,0.0017063405484993,0.0139782600238543,0.0083321695390424,0.0009207569927603,0.00163714035395,0.0021746071499577,0.0004605577714955,0.0003546061782865,0.0008562179512117,0.0018323709546346,0.0033011719752119,0.0014956922878893,0.0033372062734099,0.0062337543131351,0.0046927054210464,0.0009643208458056,0.0004861941129996,0.0041469919697297,0.0010216888827377,0.0018318331292883,0.0012834305512405,0.0012542087074282,0.000780384577392,0.0027009588888098,0.0068705395230815,0.0085899671550061,0.0066315657942362,0.0013329104830944,0.0024885178770455,0.0011387555331023,0.0014286433947249,0.0012142303566911,0.0016168822659083,0.0062360848896355,0.0044132155161178
sub-23676,ses-1,0.0073209613607354,0.0009207260499563,0.0018931986832764,0.0355765931138915,0.2484669393802393,0.3148854040137192,0.0020963721105888,0.0001457982682143,0.001297295923277,0.0041664170120978,0.0088414030768336,0.0026223715913073,0.002922501774817,0.0105252550561858,0.0025455687675779,0.0016023284146844,0.0063622878163123,0.0019433111640076,0.0049529650792267,0.0021864293223376,0.0011620285386946,0.0025241438663957,0.0039271117599103,0.0012838599682984,0.0015527606348307,0.0019336881151715,0.0005378013330646,0.0008413812887985,0.002182616416195,0.0030356179903805,0.005026499697691,0.0003614998157095,0.0031492789068216,0.0005289045520652,0.0033791426771321,0.0043465314355954,0.0059646561757277,0.0057583961101094,0.0068723094046237,0.0045694956614575,0.0011701990518573,0.0019985075195956,0.0031939443787777,0.0057371527758864,0.0007324411132959,0.0008816891537345,0.0118423417780126,0.0085285632061819,0.0027899578946221,0.0009693859950141,0.0013566683189259,0.0008150540797187,0.0005147423292498,0.000847191431492,0.0012228534700169,0.0041647829094652,0.0012549908217902,0.0030503249140734,0.008261115075323,0.0054128741868069,0.0012126857203033,0.0009412431163426,0.0024340866546469,0.0012827705665433,0.0014745052754279,0.0012382866615464,0.0019235203654579,0.0004757054330281,0.0044411278213235,0.0042178004615432,0.0078228124358841,0.0064271072207364,0.0026470646977545,0.0019796245558418,0.0011821824711626,0.001287672874441,0.0018628770010948,0.0008909490686522,0.0062045061287927,0.0036812700971927
sub-23698,ses-1,0.0098544204035413,0.001356766543001,0.002155840002686,0.0391914514904265,0.2102431267500845,0.2857032593721202,0.0026858941116086,0.0003181553052397,0.0015625233523741,0.0056901482616006,0.0060908110237332,0.003611697387216,0.0034231381619099,0.0096126305608848,0.0027735198970929,0.0018284717059819,0.0054927855111173,0.001309268453673,0.0029141715667838,0.0021525642723876,0.0019089318314382,0.0020018806786576,0.0027925600794528,0.0015518772289041,0.0011245991580963,0.003084919008592,0.0009947983450191,0.0005419286312545,0.0035748454213582,0.0110989931838194,0.0043225308619859,0.0007513706372134,0.0026824136481665,0.0011581753936557,0.001472440769166,0.003096179331493,0.0073875907556434,0.0057376463509285,0.0101523071275591,0.0041327432378178,0.0028601220168589,0.001500898676134,0.0044904120397829,0.0080456030793502,0.001101669046007,0.0010662502121547,0.0097758028763778,0.0094482298465299,0.0025577311636806,0.0015850439981762,0.0015795162032975,0.0008682732622404,0.0007945693305246,0.0011620653233852,0.0036501872182232,0.0030034352174173,0.0014583141822538,0.0047330208150139,0.0068687969696219,0.004164067408797,0.0021490838089454,0.0006107189675225,0.0017592719034265,0.0010906134562496,0.00097412029751,0.0006659969163093,0.0015011034092777,0.0008127905803099,0.0039648620600207,0.0071058779499742,0.0120493644366654,0.0117840302824887,0.0018327711019986,0.0013340411640553,0.0008215941054871,0.0012586993671903,0.0015000797435594,0.0009536469831445,0.0082636438773427,0.0063506173830313
